module_name,modified_date,current_version,newest_version,links,notes,tag
Microsoft.ApplicationInsights.dll,2023-11-30 22:35,,,,,
Adyen.dll,2021-01-08 13:06,,,,,
Jenson.Ups.dll,2024-10-07 19:49,,,,,
Mediachase.Search.Extensions.Azure.dll,2022-05-23 08:19,,,,,
FluentMigrator.dll,2018-04-27 06:39,,,,,
Microsoft.EntityFrameworkCore.dll,2023-03-20 17:32,,,,,
EPiServer.Commerce.Azure.dll,2022-05-23 08:19,,,,,
FluentMigrator.Runner.Oracle.dll,2018-04-27 06:39,,,,,
Microsoft.IdentityModel.Tokens.dll,2023-12-01 04:41,,,,,
Microsoft.ApplicationInsights.Profiler.Core.dll,2023-06-27 00:21,,,,,
FluentMigrator.Abstractions.resources.dll,2018-04-27 06:39,,,,,
Microsoft.Dynamics.Retail.Diagnostics.dll,2023-06-26 19:42,,,,,
System.Drawing.Common.dll,2021-10-22 23:49,,,,,
Luminos.Search.Episerver.dll,2024-10-07 19:49,,,,,
Microsoft.Spatial.dll,2023-12-08 12:34,,,,,
Microsoft.ServiceProfiler.Common.Utilities.dll,2023-06-27 00:16,,,,,
Mediachase.Search.LuceneAzureSearchProvider.dll,2022-05-23 08:19,,,,,
Microsoft.ApplicationInsights.AspNetCore.dll,2022-07-19 19:55,,,,,
Microsoft.CodeAnalysis.resources.dll,2021-10-14 18:30,,,,,
Microsoft.CodeAnalysis.CSharp.resources.dll,2021-10-14 18:42,,,,,
System.IO.Packaging.dll,2021-10-22 23:49,,,,,
Microsoft.Identity.Client.Extensions.Msal.dll,2024-04-02 02:05,,,,,
System.Windows.Extensions.dll,2021-10-22 23:49,,,,,
EPiServer.Shell.UI.dll,2024-01-16 11:15,,,,,
Microsoft.ServiceProfiler.Contract.Agent.dll,2023-06-27 00:14,,,,,
Azure.Security.KeyVault.Keys.dll,2021-06-15 23:53,,,,,
Avensia.Storefront.Connector.Common.dll,2023-03-30 13:17,,,,,
FluentMigrator.Runner.Db2.dll,2018-04-27 06:39,,,,,
Riskified.SDK.dll,2024-10-07 19:49,,,,,
EPiServer.Cms.UI.Admin.dll,2024-01-16 11:15,,,,,
Microsoft.ServiceProfiler.EventPipe.Orchestration.dll,2023-06-27 00:25,,,,,
Lucene.Net.Sandbox.dll,2021-03-25 13:12,,,,,
EPiServer.Cms.AspNetCore.Routing.dll,2024-02-05 13:16,,,,,
Microsoft.Win32.SystemEvents.dll,2021-10-22 23:40,,,,,
EPiServer.UI.dll,2024-01-16 11:15,,,,,
HtmlAgilityPack.dll,2022-09-14 13:23,,,,,
EPiServer.Commerce.ODP.dll,2023-09-12 10:33,,,,,
EPiServer.Shell.dll,2024-01-16 11:15,,,,,
MediatR.Contracts.dll,2022-01-10 14:06,,,,,
EPiServer.Licensing.dll,2024-02-05 13:16,,,,,
Microsoft.ServiceProfiler.Orchestration.dll,2023-06-27 00:19,,,,,
Microsoft.IdentityModel.Clients.ActiveDirectory.dll,2016-07-11 12:55,,,,,
Microsoft.CodeAnalysis.resources.dll,2021-10-14 18:30,,,,,
Microsoft.CodeAnalysis.CSharp.resources.dll,2021-10-14 18:42,,,,,
System.Diagnostics.PerformanceCounter.dll,2019-11-15 08:37,,,,,
Microsoft.OData.Client.dll,2023-12-08 12:35,,,,,
Microsoft.AI.PerfCounterCollector.dll,2022-07-19 19:55,,,,,
Mediachase.Commerce.Plugins.Shipping.dll,2023-09-12 10:33,,,,,
Azure.Storage.Common.dll,2023-09-12 19:58,,,,,
BouncyCastle.Crypto.dll,2021-10-19 11:53,,,,,
RazorEngine.NetCore.dll,2020-06-19 15:28,,,,,
Lucene.Net.dll,2021-03-25 13:12,,,,,
EPiServer.Commerce.Shell.dll,2023-09-12 10:33,,,,,
Mediachase.Search.dll,2023-09-12 10:33,,,,,
Jenson.Payment.dll,2024-10-07 19:49,,,,,
FluentMigrator.Extensions.SqlServer.dll,2018-04-27 06:39,,,,,
Microsoft.CodeAnalysis.resources.dll,2021-10-14 18:30,,,,,
Microsoft.CodeAnalysis.CSharp.resources.dll,2021-10-14 18:42,,,,,
EPiServer.Commerce.Bolt.dll,2023-09-12 10:33,,,,,
System.Composition.Convention.dll,2018-05-15 13:29,,,,,
Jenson.Search.dll,2024-10-07 19:49,,,,,
Microsoft.ServiceProfiler.Utilities.dll,2023-06-27 00:20,,,,,
EPiServer.Cms.HealthCheck.dll,2024-02-06 12:21,,,,,
Jenson.TurnTo.dll,2024-10-07 19:49,,,,,
EPiServer.ImageLibrary.ImageSharp.dll,2023-08-03 07:42,,,,,
Microsoft.CodeAnalysis.resources.dll,2021-10-14 18:30,,,,,
Microsoft.CodeAnalysis.CSharp.resources.dll,2021-10-14 18:42,,,,,
WeCantSpell.Hunspell.dll,2023-12-08 10:35,,,,,
Jenson.DataDogLogging.dll,2024-10-07 19:49,,,,,
Microsoft.CodeAnalysis.resources.dll,2021-10-14 18:30,,,,,
Microsoft.CodeAnalysis.CSharp.resources.dll,2021-10-14 18:42,,,,,
Luminos.ExtensionLibrary.dll,2024-10-07 19:49,,,,,
AutoMapper.Extensions.Microsoft.DependencyInjection.dll,2023-04-09 05:58,,,,,
Microsoft.ServiceProfiler.Agent.FrontendClient.dll,2023-06-27 00:15,,,,,
Microsoft.Azure.Amqp.dll,2023-03-22 20:34,,,,,
MimeKit.dll,2023-03-04 20:13,,,,,
Microsoft.ServiceProfiler.Agent.Exceptions.dll,2023-06-27 00:13,,,,,
Microsoft.Extensions.Diagnostics.HealthChecks.Abstractions.dll,2022-01-15 05:40,,,,,
System.IO.Hashing.dll,2021-10-22 23:47,,,,,
Microsoft.CodeAnalysis.resources.dll,2021-10-14 18:30,,,,,
Microsoft.CodeAnalysis.CSharp.resources.dll,2021-10-14 18:42,,,,,
Rhino.Licensing.dll,2023-03-30 13:17,,,,,
StackExchange.Redis.dll,2024-01-11 17:39,,,,,
IdentityModel.dll,2023-04-26 14:03,,,,,
EPiServer.Framework.AspNetCore.dll,2024-02-05 09:50,,,,,
Dapper.dll,2018-05-16 18:40,,,,,
Microsoft.Extensions.Logging.Abstractions.dll,2022-10-23 18:01,,,,,
System.Security.Cryptography.Pkcs.dll,2023-06-18 23:45,,,,,
Luminos.Search.Core.dll,2024-10-07 19:49,,,,,
System.Security.Cryptography.ProtectedData.dll,2021-10-22 23:51,,,,,
Azure.Security.KeyVault.Secrets.dll,2023-03-14 22:39,,,,,
Microsoft.Extensions.DependencyModel.dll,2021-10-22 23:47,,,,,
Wangkanai.System.dll,2023-06-16 03:14,,,,,
Microsoft.ServiceProfiler.ProcessMonitor.dll,2023-06-27 00:24,,,,,
System.CodeDom.dll,2019-11-15 08:36,,,,,
Azure.Core.dll,2024-02-26 15:24,,,,,
EPiServer.Cms.AspNetCore.Templating.dll,2024-02-05 13:16,,,,,
EPiServer.Data.dll,2024-02-05 13:16,,,,,
Luminos.Search.Episerver.Commerce.dll,2024-10-07 19:49,,,,,
Jenson.Application.dll,2024-10-07 19:50,,,,,
X.PagedList.Mvc.Core.dll,2023-03-12 21:26,,,,,
Microsoft.Dynamics.Commerce.Runtime.Framework.dll,2023-08-17 00:50,,,,,
System.Configuration.ConfigurationManager.dll,2022-08-19 19:58,,,,,
FluentMigrator.Runner.Postgres.dll,2018-04-27 06:39,,,,,
Microsoft.ServiceProfiler.HttpPipeline.dll,2023-06-27 00:14,,,,,
EPiServer.Cms.AspNetCore.dll,2024-02-05 13:16,,,,,
EPiServer.dll,2024-02-05 13:15,,,,,
Jenson.CurrencyLayer.dll,2024-10-07 19:49,,,,,
Avensia.Storefront.Connector.Opti.dll,2023-03-30 13:17,,,,,
EPiServer.Cms.AspNetCore.Mvc.dll,2024-02-05 13:16,,,,,
Wangkanai.Hosting.dll,2023-06-16 03:16,,,,,
EPiServer.Events.dll,2024-02-05 13:16,,,,,
FluentFTP.dll,2023-12-27 07:35,,,,,
Castle.Windsor.dll,2020-12-08 07:29,,,,,
Microsoft.CodeAnalysis.resources.dll,2021-10-14 18:30,,,,,
Microsoft.CodeAnalysis.CSharp.resources.dll,2021-10-14 18:42,,,,,
EPiServer.Commerce.Internal.Migration.dll,2023-09-12 10:33,,,,,
FluentMigrator.Runner.MySql.dll,2018-04-27 06:39,,,,,
EPiServer.Cms.Warmup.dll,2024-02-06 12:22,,,,,
FluentMigrator.Runner.SqlServer.dll,2018-04-27 06:39,,,,,
Azure.Storage.Blobs.dll,2023-09-12 19:59,,,,,
Microsoft.IdentityModel.Clients.ActiveDirectory.Platform.dll,2016-07-11 12:55,,,,,
Avensia.Storefront.Connector.D365ScaleUnit.dll,2023-03-07 09:59,,,,,
Mediachase.Commerce.Workflow.dll,2023-09-12 10:33,,,,,
FluentMigrator.Runner.dll,2018-04-27 06:39,,,,,
EPiServer.CloudPlatform.Cms.dll,2024-02-06 12:21,,,,,
Jenson.Web.dll,2024-10-07 19:50,,,,,
System.Composition.TypedParts.dll,2018-05-15 13:29,,,,,
System.Linq.Async.dll,2022-02-01 15:33,,,,,
Microsoft.ServiceProfiler.Contract.Agent.Profiler.dll,2023-06-27 00:15,,,,,
Microsoft.CodeAnalysis.Razor.dll,2024-01-20 22:58,,,,,
EPiServer.CMS.dll,2024-01-16 11:18,,,,,
Microsoft.Extensions.DependencyInjection.dll,2022-09-26 17:42,,,,,
CommandLine.dll,2020-05-01 16:28,,,,,
FluentMigrator.Runner.Redshift.dll,2018-04-27 06:39,,,,,
Microsoft.AspNetCore.ResponseCaching.Abstractions.dll,2024-10-07 19:46,,,,,
System.IO.FileSystem.Primitives.dll,2024-10-07 19:46,,,,,
System.Diagnostics.Tracing.dll,2024-10-07 19:46,,,,,
Microsoft.AspNetCore.HostFiltering.dll,2024-10-07 19:46,,,,,
Microsoft.Extensions.Primitives.dll,2024-10-07 19:46,,,,,
System.Security.Cryptography.X509Certificates.dll,2024-10-07 19:46,,,,,
System.Text.Encodings.Web.dll,2024-10-07 19:46,,,,,
Microsoft.AspNetCore.Server.Kestrel.Transport.Quic.dll,2024-10-07 19:46,,,,,
System.ObjectModel.dll,2024-10-07 19:46,,,,,
System.Windows.dll,2024-10-07 19:46,,,,,
Microsoft.AspNetCore.Mvc.Abstractions.dll,2024-10-07 19:46,,,,,
System.ComponentModel.EventBasedAsync.dll,2024-10-07 19:46,,,,,
System.Threading.ThreadPool.dll,2024-10-07 19:46,,,,,
System.Threading.Overlapped.dll,2024-10-07 19:46,,,,,
System.Diagnostics.StackTrace.dll,2024-10-07 19:46,,,,,
System.Net.WebSockets.dll,2024-10-07 19:46,,,,,
System.Reflection.Emit.dll,2024-10-07 19:46,,,,,
System.Resources.Reader.dll,2024-10-07 19:46,,,,,
System.Net.Requests.dll,2024-10-07 19:46,,,,,
Microsoft.AspNetCore.Rewrite.dll,2024-10-07 19:46,,,,,
Microsoft.Extensions.Logging.Debug.dll,2024-10-07 19:46,,,,,
System.Xml.Linq.dll,2024-10-07 19:46,,,,,
System.Threading.Tasks.Dataflow.dll,2024-10-07 19:46,,,,,
Microsoft.AspNetCore.Http.Connections.dll,2024-10-07 19:46,,,,,
Microsoft.AspNetCore.Localization.Routing.dll,2024-10-07 19:46,,,,,
System.Security.Cryptography.OpenSsl.dll,2024-10-07 19:46,,,,,
System.Net.NetworkInformation.dll,2024-10-07 19:46,,,,,
Microsoft.Extensions.Configuration.Binder.dll,2024-10-07 19:46,,,,,
System.Formats.Asn1.dll,2024-10-07 19:46,,,,,
System.Console.dll,2024-10-07 19:46,,,,,
System.Reflection.Primitives.dll,2024-10-07 19:46,,,,,
Microsoft.AspNetCore.ResponseCompression.dll,2024-10-07 19:46,,,,,
Microsoft.AspNetCore.Mvc.RazorPages.dll,2024-10-07 19:46,,,,,
System.Runtime.Serialization.Json.dll,2024-10-07 19:46,,,,,
System.ComponentModel.dll,2024-10-07 19:46,,,,,
Microsoft.Win32.Primitives.dll,2024-10-07 19:46,,,,,
System.Runtime.Serialization.Formatters.dll,2024-10-07 19:46,,,,,
Microsoft.AspNetCore.DataProtection.dll,2024-10-07 19:46,,,,,
Microsoft.AspNetCore.Components.dll,2024-10-07 19:46,,,,,
System.IO.IsolatedStorage.dll,2024-10-07 19:46,,,,,
Microsoft.AspNetCore.Routing.Abstractions.dll,2024-10-07 19:46,,,,,
Microsoft.AspNetCore.Antiforgery.dll,2024-10-07 19:46,,,,,
System.Net.NameResolution.dll,2024-10-07 19:46,,,,,
Microsoft.AspNetCore.Components.Forms.dll,2024-10-07 19:46,,,,,
System.Net.Primitives.dll,2024-10-07 19:46,,,,,
Microsoft.Extensions.Localization.dll,2024-10-07 19:46,,,,,
Microsoft.AspNetCore.Session.dll,2024-10-07 19:46,,,,,
System.IO.UnmanagedMemoryStream.dll,2024-10-07 19:46,,,,,
Microsoft.Extensions.Configuration.KeyPerFile.dll,2024-10-07 19:46,,,,,
Microsoft.Extensions.Options.dll,2024-10-07 19:46,,,,,
Microsoft.AspNetCore.Metadata.dll,2024-10-07 19:46,,,,,
System.Runtime.InteropServices.dll,2024-10-07 19:46,,,,,
Microsoft.AspNetCore.Cryptography.KeyDerivation.dll,2024-10-07 19:46,,,,,
EPiServer.Commerce.ODP.dll,2023-09-12 10:33,,,,,
System.Configuration.dll,2024-10-07 19:46,,,,,
Microsoft.AspNetCore.Connections.Abstractions.dll,2024-10-07 19:46,,,,,
System.Net.WebProxy.dll,2024-10-07 19:46,,,,,
System.Xml.Serialization.dll,2024-10-07 19:46,,,,,
System.Xml.ReaderWriter.dll,2024-10-07 19:46,,,,,
Microsoft.Extensions.FileProviders.Abstractions.dll,2024-10-07 19:46,,,,,
System.Diagnostics.PerformanceCounter.dll,2019-11-15 08:33,,,,,
System.Runtime.CompilerServices.Unsafe.dll,2024-10-07 19:46,,,,,
System.Core.dll,2024-10-07 19:46,,,,,
System.Linq.Expressions.dll,2024-10-07 19:46,,,,,
System.Linq.dll,2024-10-07 19:46,,,,,
Microsoft.AspNetCore.CookiePolicy.dll,2024-10-07 19:46,,,,,
Microsoft.AspNetCore.HttpsPolicy.dll,2024-10-07 19:46,,,,,
Microsoft.AspNetCore.Http.dll,2024-10-07 19:46,,,,,
System.Diagnostics.Process.dll,2024-10-07 19:46,,,,,
Microsoft.Net.Http.Headers.dll,2024-10-07 19:46,,,,,
System.Diagnostics.Debug.dll,2024-10-07 19:46,,,,,
Microsoft.Extensions.Options.ConfigurationExtensions.dll,2024-10-07 19:46,,,,,
System.Threading.Tasks.Extensions.dll,2024-10-07 19:46,,,,,
Microsoft.AspNetCore.Authorization.Policy.dll,2024-10-07 19:46,,,,,
System.Numerics.dll,2024-10-07 19:46,,,,,
System.IO.Pipelines.dll,2024-10-07 19:46,,,,,
Microsoft.AspNetCore.Http.Abstractions.dll,2024-10-07 19:46,,,,,
Microsoft.AspNetCore.HttpLogging.dll,2024-10-07 19:46,,,,,
Microsoft.AspNetCore.Mvc.DataAnnotations.dll,2024-10-07 19:46,,,,,
System.IO.FileSystem.DriveInfo.dll,2024-10-07 19:46,,,,,
System.Net.Mail.dll,2024-10-07 19:46,,,,,
Microsoft.AspNetCore.ResponseCaching.dll,2024-10-07 19:46,,,,,
System.Reflection.TypeExtensions.dll,2024-10-07 19:46,,,,,
Microsoft.AspNetCore.Components.Web.dll,2024-10-07 19:46,,,,,
System.Collections.dll,2024-10-07 19:46,,,,,
System.Resources.Writer.dll,2024-10-07 19:46,,,,,
Microsoft.AspNetCore.Authorization.dll,2024-10-07 19:46,,,,,
System.Numerics.Vectors.dll,2024-10-07 19:46,,,,,
Microsoft.Extensions.Diagnostics.HealthChecks.Abstractions.dll,2024-10-07 19:46,,,,,
Microsoft.Extensions.Configuration.Abstractions.dll,2024-10-07 19:46,,,,,
Microsoft.CSharp.dll,2024-10-07 19:46,,,,,
System.Runtime.Serialization.Xml.dll,2024-10-07 19:46,,,,,
Microsoft.AspNetCore.StaticFiles.dll,2024-10-07 19:46,,,,,
Microsoft.Extensions.Features.dll,2024-10-07 19:46,,,,,
Microsoft.Extensions.Logging.dll,2024-10-07 19:46,,,,,
System.ValueTuple.dll,2024-10-07 19:46,,,,,
System.Security.Principal.Windows.dll,2024-10-07 19:46,,,,,
Microsoft.Extensions.Logging.Abstractions.dll,2024-10-07 19:46,,,,,
Microsoft.AspNetCore.Diagnostics.HealthChecks.dll,2024-10-07 19:46,,,,,
Microsoft.Extensions.Hosting.Abstractions.dll,2024-10-07 19:46,,,,,
System.Net.ServicePoint.dll,2024-10-07 19:46,,,,,
System.Drawing.Primitives.dll,2024-10-07 19:46,,,,,
System.Resources.ResourceManager.dll,2024-10-07 19:46,,,,,
System.ServiceModel.Web.dll,2024-10-07 19:46,,,,,
Microsoft.Extensions.ObjectPool.dll,2024-10-07 19:46,,,,,
System.Security.dll,2024-10-07 19:46,,,,,
System.Security.Principal.dll,2024-10-07 19:46,,,,,
System.Net.Http.Json.dll,2024-10-07 19:46,,,,,
Microsoft.Extensions.WebEncoders.dll,2024-10-07 19:46,,,,,
Microsoft.AspNetCore.Mvc.Formatters.Xml.dll,2024-10-07 19:46,,,,,
System.Net.HttpListener.dll,2024-10-07 19:46,,,,,
Microsoft.Extensions.FileSystemGlobbing.dll,2024-10-07 19:46,,,,,
System.CodeDom.dll,2019-11-15 08:33,,,,,
Microsoft.Extensions.Caching.Abstractions.dll,2024-10-07 19:46,,,,,
System.Xml.XPath.XDocument.dll,2024-10-07 19:46,,,,,
System.dll,2024-10-07 19:46,,,,,
Microsoft.AspNetCore.Authentication.Core.dll,2024-10-07 19:46,,,,,
System.Diagnostics.TraceSource.dll,2024-10-07 19:46,,,,,
Microsoft.Extensions.FileProviders.Physical.dll,2024-10-07 19:46,,,,,
System.Runtime.CompilerServices.VisualC.dll,2024-10-07 19:46,,,,,
Microsoft.Extensions.Configuration.FileExtensions.dll,2024-10-07 19:46,,,,,
Microsoft.Extensions.FileProviders.Embedded.dll,2024-10-07 19:46,,,,,
Microsoft.AspNetCore.Authentication.Cookies.dll,2024-10-07 19:46,,,,,
Microsoft.AspNetCore.HttpOverrides.dll,2024-10-07 19:46,,,,,
Microsoft.Extensions.DependencyInjection.Abstractions.dll,2024-10-07 19:46,,,,,
Microsoft.AspNetCore.Identity.dll,2024-10-07 19:46,,,,,
System.Runtime.Loader.dll,2024-10-07 19:46,,,,,
System.Reflection.DispatchProxy.dll,2024-10-07 19:46,,,,,
Microsoft.Extensions.Logging.TraceSource.dll,2024-10-07 19:46,,,,,
Microsoft.Extensions.Configuration.Ini.dll,2024-10-07 19:46,,,,,
System.Xml.XmlDocument.dll,2024-10-07 19:46,,,,,
Microsoft.AspNetCore.Authentication.OAuth.dll,2024-10-07 19:46,,,,,
Microsoft.AspNetCore.Hosting.Server.Abstractions.dll,2024-10-07 19:46,,,,,
System.Diagnostics.Contracts.dll,2024-10-07 19:46,,,,,
Microsoft.AspNetCore.SignalR.dll,2024-10-07 19:46,,,,,
System.Text.Encoding.CodePages.dll,2024-10-07 19:46,,,,,
System.ComponentModel.Annotations.dll,2024-10-07 19:46,,,,,
Microsoft.AspNetCore.Server.HttpSys.dll,2024-10-07 19:46,,,,,
System.Reflection.dll,2024-10-07 19:46,,,,,
System.Threading.Tasks.dll,2024-10-07 19:46,,,,,
System.Linq.Async.dll,2022-02-01 15:33,,,,,
netstandard.dll,2024-10-07 19:46,,,,,
System.Memory.dll,2024-10-07 19:46,,,,,
WindowsBase.dll,2024-10-07 19:46,,,,,
Microsoft.Extensions.DependencyInjection.dll,2024-10-07 19:46,,,,,
Microsoft.Extensions.Configuration.EnvironmentVariables.dll,2024-10-07 19:46,,,,,
System.IO.Compression.dll,2024-10-07 19:46,,,,,
Microsoft.AspNetCore.Server.IISIntegration.dll,2024-10-07 19:46,,,,,
System.Collections.Specialized.dll,2024-10-07 19:46,,,,,
System.Transactions.dll,2024-10-07 19:46,,,,,
System.IO.FileSystem.Watcher.dll,2024-10-07 19:46,,,,,
Microsoft.AspNetCore.Components.Server.dll,2024-10-07 19:46,,,,,
Microsoft.AspNetCore.Authentication.Abstractions.dll,2024-10-07 19:46,,,,,
System.IO.FileSystem.AccessControl.dll,2024-10-07 19:46,,,,,
System.Security.Claims.dll,2024-10-07 19:46,,,,,
System.Threading.Timer.dll,2024-10-07 19:46,,,,,
Microsoft.AspNetCore.Localization.dll,2024-10-07 19:46,,,,,
System.Text.Json.dll,2024-10-07 19:46,,,,,
System.Security.Cryptography.Algorithms.dll,2024-10-07 19:46,,,,,
System.ServiceProcess.dll,2024-10-07 19:46,,,,,
System.Diagnostics.FileVersionInfo.dll,2024-10-07 19:46,,,,,
System.Net.WebClient.dll,2024-10-07 19:46,,,,,
Microsoft.Extensions.Configuration.dll,2024-10-07 19:46,,,,,
System.Collections.Immutable.dll,2024-10-07 19:46,,,,,
System.IO.dll,2024-10-07 19:46,,,,,
Microsoft.Extensions.Caching.Memory.dll,2024-10-07 19:46,,,,,
System.Drawing.dll,2024-10-07 19:46,,,,,
System.Threading.dll,2024-10-07 19:46,,,,,
Microsoft.Extensions.Localization.Abstractions.dll,2024-10-07 19:46,,,,,
System.Collections.Concurrent.dll,2024-10-07 19:46,,,,,
System.Security.Cryptography.Xml.dll,2024-10-07 19:46,,,,,
Microsoft.AspNetCore.Authentication.dll,2024-10-07 19:46,,,,,
System.Security.AccessControl.dll,2024-10-07 19:46,,,,,
System.IO.Compression.Brotli.dll,2024-10-07 19:46,,,,,
System.Runtime.Serialization.dll,2024-10-07 19:46,,,,,
Microsoft.Extensions.Identity.Stores.dll,2024-10-07 19:46,,,,,
Microsoft.AspNetCore.SignalR.Core.dll,2024-10-07 19:46,,,,,
System.IO.Compression.ZipFile.dll,2024-10-07 19:46,,,,,
System.ComponentModel.TypeConverter.dll,2024-10-07 19:46,,,,,
Microsoft.AspNetCore.Razor.dll,2024-10-07 19:46,,,,,
System.Text.Encoding.Extensions.dll,2024-10-07 19:46,,,,,
System.Data.DataSetExtensions.dll,2024-10-07 19:46,,,,,
System.Net.WebHeaderCollection.dll,2024-10-07 19:46,,,,,
Microsoft.AspNetCore.Http.Results.dll,2024-10-07 19:46,,,,,
System.Security.Cryptography.Encoding.dll,2024-10-07 19:46,,,,,
Microsoft.Extensions.Configuration.Json.dll,2024-10-07 19:46,,,,,
System.Threading.Channels.dll,2024-10-07 19:46,,,,,
System.ComponentModel.DataAnnotations.dll,2024-10-07 19:46,,,,,
Microsoft.Data.SqlClient.dll,2024-01-05 08:10,,,,,
System.Diagnostics.DiagnosticSource.dll,2024-10-07 19:46,,,,,
Microsoft.AspNetCore.Razor.Runtime.dll,2024-10-07 19:46,,,,,
System.Runtime.Handles.dll,2024-10-07 19:46,,,,,
Microsoft.AspNetCore.DataProtection.Extensions.dll,2024-10-07 19:46,,,,,
Microsoft.AspNetCore.DataProtection.Abstractions.dll,2024-10-07 19:46,,,,,
Microsoft.Extensions.Configuration.UserSecrets.dll,2024-10-07 19:46,,,,,
Microsoft.AspNetCore.Routing.dll,2024-10-07 19:46,,,,,
Microsoft.AspNetCore.Diagnostics.dll,2024-10-07 19:46,,,,,
System.Security.Cryptography.Primitives.dll,2024-10-07 19:46,,,,,
System.Collections.NonGeneric.dll,2024-10-07 19:46,,,,,
Microsoft.Win32.Registry.dll,2024-10-07 19:46,,,,,
Microsoft.AspNetCore.Mvc.Localization.dll,2024-10-07 19:46,,,,,
System.Security.Cryptography.Cng.dll,2024-10-07 19:46,,,,,
System.Xml.dll,2024-10-07 19:46,,,,,
System.Data.Common.dll,2024-10-07 19:46,,,,,
System.Linq.Queryable.dll,2024-10-07 19:46,,,,,
Microsoft.AspNetCore.Mvc.dll,2024-10-07 19:46,,,,,
System.Diagnostics.TextWriterTraceListener.dll,2024-10-07 19:46,,,,,
System.Xml.XmlSerializer.dll,2024-10-07 19:46,,,,,
Microsoft.AspNetCore.Server.Kestrel.dll,2024-10-07 19:46,,,,,
Microsoft.AspNetCore.Mvc.ViewFeatures.dll,2024-10-07 19:46,,,,,
System.Reflection.Emit.ILGeneration.dll,2024-10-07 19:46,,,,,
System.Net.Ping.dll,2024-10-07 19:46,,,,,
System.Xml.XPath.dll,2024-10-07 19:46,,,,,
System.IO.Pipes.AccessControl.dll,2024-10-07 19:46,,,,,
Microsoft.Extensions.Logging.Configuration.dll,2024-10-07 19:46,,,,,
System.Reflection.Emit.Lightweight.dll,2024-10-07 19:46,,,,,
Microsoft.Extensions.Diagnostics.HealthChecks.dll,2024-10-07 19:46,,,,,
Microsoft.AspNetCore.Http.Extensions.dll,2024-10-07 19:46,,,,,
Microsoft.Extensions.Logging.EventLog.dll,2024-10-07 19:46,,,,,
Microsoft.AspNetCore.Mvc.Core.dll,2024-10-07 19:46,,,,,
Microsoft.AspNetCore.Http.Features.dll,2024-10-07 19:46,,,,,
Microsoft.AspNetCore.WebSockets.dll,2024-10-07 19:46,,,,,
System.Runtime.Extensions.dll,2024-10-07 19:46,,,,,
Microsoft.AspNetCore.Mvc.Formatters.Json.dll,2024-10-07 19:46,,,,,
System.Web.HttpUtility.dll,2024-10-07 19:46,,,,,
Microsoft.Extensions.FileProviders.Composite.dll,2024-10-07 19:46,,,,,
System.Data.SqlClient.dll,2020-01-17 18:24,,,,,
Microsoft.AspNetCore.Mvc.Razor.dll,2024-10-07 19:46,,,,,
Microsoft.AspNetCore.Hosting.Abstractions.dll,2024-10-07 19:46,,,,,
System.Net.Security.dll,2024-10-07 19:46,,,,,
Microsoft.AspNetCore.Cors.dll,2024-10-07 19:46,,,,,
Microsoft.Extensions.Hosting.dll,2024-10-07 19:46,,,,,
Microsoft.Extensions.Configuration.Xml.dll,2024-10-07 19:46,,,,,
Microsoft.AspNetCore.Diagnostics.Abstractions.dll,2024-10-07 19:46,,,,,
Microsoft.Extensions.Options.DataAnnotations.dll,2024-10-07 19:46,,,,,
Microsoft.VisualBasic.dll,2024-10-07 19:46,,,,,
Microsoft.AspNetCore.Html.Abstractions.dll,2024-10-07 19:46,,,,,
System.Transactions.Local.dll,2024-10-07 19:46,,,,,
System.Text.Encoding.dll,2024-10-07 19:46,,,,,
System.Diagnostics.Tools.dll,2024-10-07 19:46,,,,,
System.IO.MemoryMappedFiles.dll,2024-10-07 19:46,,,,,
Microsoft.AspNetCore.Hosting.dll,2024-10-07 19:46,,,,,
System.IO.Compression.FileSystem.dll,2024-10-07 19:46,,,,,
System.Security.SecureString.dll,2024-10-07 19:46,,,,,
Microsoft.Extensions.Identity.Core.dll,2024-10-07 19:46,,,,,
System.IO.Pipes.dll,2024-10-07 19:46,,,,,
Microsoft.Extensions.Logging.EventSource.dll,2024-10-07 19:46,,,,,
System.Dynamic.Runtime.dll,2024-10-07 19:46,,,,,
System.Runtime.InteropServices.RuntimeInformation.dll,2024-10-07 19:46,,,,,
System.Net.WebSockets.Client.dll,2024-10-07 19:46,,,,,
Microsoft.VisualBasic.Core.dll,2024-10-07 19:46,,,,,
System.Diagnostics.EventLog.dll,2024-10-07 19:46,,,,,
Microsoft.Extensions.Logging.Console.dll,2024-10-07 19:46,,,,,
System.Net.Sockets.dll,2024-10-07 19:46,,,,,
System.Threading.Tasks.Parallel.dll,2024-10-07 19:46,,,,,
System.Reflection.Extensions.dll,2024-10-07 19:46,,,,,
Microsoft.AspNetCore.Cryptography.Internal.dll,2024-10-07 19:46,,,,,
Microsoft.AspNetCore.Mvc.ApiExplorer.dll,2024-10-07 19:46,,,,,
System.Buffers.dll,2024-10-07 19:46,,,,,
System.Text.RegularExpressions.dll,2024-10-07 19:46,,,,,
System.Linq.Parallel.dll,2024-10-07 19:46,,,,,
Microsoft.AspNetCore.Components.Authorization.dll,2024-10-07 19:46,,,,,
System.Runtime.Intrinsics.dll,2024-10-07 19:46,,,,,
System.Threading.Thread.dll,2024-10-07 19:46,,,,,
System.IO.FileSystem.dll,2024-10-07 19:46,,,,,
System.Web.dll,2024-10-07 19:46,,,,,
Microsoft.AspNetCore.Http.Connections.Common.dll,2024-10-07 19:46,,,,,
System.Net.Http.dll,2024-10-07 19:46,,,,,
System.Xml.XDocument.dll,2024-10-07 19:46,,,,,
System.Globalization.dll,2024-10-07 19:46,,,,,
System.Globalization.Calendars.dll,2024-10-07 19:46,,,,,
System.ComponentModel.Primitives.dll,2024-10-07 19:46,,,,,
Microsoft.AspNetCore.WebUtilities.dll,2024-10-07 19:46,,,,,
System.Runtime.Numerics.dll,2024-10-07 19:46,,,,,
Microsoft.AspNetCore.dll,2024-10-07 19:46,,,,,
System.AppContext.dll,2024-10-07 19:46,,,,,
Microsoft.AspNetCore.Mvc.TagHelpers.dll,2024-10-07 19:46,,,,,
Microsoft.AspNetCore.SignalR.Common.dll,2024-10-07 19:46,,,,,
System.Data.dll,2024-10-07 19:46,,,,,
Microsoft.AspNetCore.Server.Kestrel.Transport.Sockets.dll,2024-10-07 19:46,,,,,
System.Reflection.Metadata.dll,2024-10-07 19:46,,,,,
Microsoft.AspNetCore.Mvc.Cors.dll,2024-10-07 19:46,,,,,
System.Globalization.Extensions.dll,2024-10-07 19:46,,,,,
Microsoft.AspNetCore.Server.Kestrel.Core.dll,2024-10-07 19:46,,,,,
Microsoft.AspNetCore.Server.IIS.dll,2024-10-07 19:46,,,,,
Microsoft.AspNetCore.SignalR.Protocols.Json.dll,2024-10-07 19:46,,,,,
mscorlib.dll,2024-10-07 19:46,,,,,
System.Security.Cryptography.Csp.dll,2024-10-07 19:46,,,,,
System.Net.dll,2024-10-07 19:46,,,,,
Microsoft.JSInterop.dll,2024-10-07 19:46,,,,,
Microsoft.Extensions.Http.dll,2024-10-07 19:46,,,,,
System.Runtime.dll,2024-10-07 19:46,,,,,
System.Runtime.Serialization.Primitives.dll,2024-10-07 19:46,,,,,
Microsoft.Extensions.Configuration.CommandLine.dll,2024-10-07 19:46,,,,,
EPiServer.Commerce.UI.dll,2023-09-12 10:33,,,,,
Microsoft.Extensions.Logging.ApplicationInsights.dll,2022-07-19 19:55,,,,,
Jenson.Shared.dll,2024-10-07 19:49,,,,,
Microsoft.CodeAnalysis.resources.dll,2021-10-14 18:30,,,,,
Microsoft.CodeAnalysis.CSharp.resources.dll,2021-10-14 18:42,,,,,
Microsoft.EntityFrameworkCore.Abstractions.dll,2023-03-20 17:32,,,,,
Microsoft.ServiceProfiler.Logging.dll,2023-06-27 00:22,,,,,
Mediachase.MetaDataPlus.dll,2023-09-12 10:33,,,,,
Jenson.Avensia.dll,2024-10-07 19:49,,,,,
System.Text.Json.dll,2021-11-17 18:03,,,,,
Microsoft.AspNetCore.Mvc.Razor.Extensions.dll,2024-01-20 22:58,,,,,
Microsoft.OData.Edm.dll,2023-12-08 12:34,,,,,
Pipelines.Sockets.Unofficial.dll,2023-05-04 14:36,,,,,
EPiServer.Cms.TinyMce.dll,2023-12-08 10:37,,,,,
EPiServer.Cms.AspNetCore.TagHelpers.dll,2024-02-05 13:16,,,,,
StructureMap.dll,2017-06-28 15:31,,,,,
FluentMigrator.Abstractions.dll,2018-04-27 06:39,,,,,
EPiServer.LinkAnalyzer.dll,2024-02-05 13:16,,,,,
System.IdentityModel.Tokens.Jwt.dll,2023-12-01 04:31,,,,,
Microsoft.IdentityModel.Protocols.OpenIdConnect.dll,2022-10-13 19:34,,,,,
Microsoft.Extensions.Configuration.dll,2022-02-24 00:12,,,,,
Advanced.CMS.GroupingHeader.dll,2022-12-15 09:50,,,,,
Microsoft.IdentityModel.Protocols.dll,2022-10-13 19:24,,,,,
Microsoft.Diagnostics.NETCore.Client.dll,2022-06-01 18:40,,,,,
Microsoft.ApplicationInsights.Profiler.Logging.dll,2023-06-27 00:16,,,,,
Microsoft.Extensions.Caching.Memory.dll,2022-01-14 19:54,,,,,
AutoMapper.dll,2023-01-16 15:41,,,,,
Microsoft.ApplicationInsights.Profiler.HostingStartup30.dll,2023-06-27 00:13,,,,,
System.Data.SqlServerCe.dll,2018-04-27 06:39,,,,,
EPiServer.Cms.UI.VisitorGroups.dll,2024-01-16 11:15,,,,,
Newtonsoft.Json.dll,2023-03-08 07:09,,,,,
Gulla.Episerver.SqlStudio.dll,2023-06-01 19:23,,,,,
Jenson.Riskified.dll,2024-10-07 19:49,,,,,
System.Security.Cryptography.Xml.dll,2022-07-13 17:45,,,,,
Microsoft.AspNetCore.Razor.Language.dll,2024-01-20 22:58,,,,,
Microsoft.EntityFrameworkCore.SqlServer.dll,2023-03-20 17:33,,,,,
FluentMigrator.Runner.Firebird.dll,2018-04-27 06:39,,,,,
System.Runtime.Caching.dll,2021-10-22 23:52,,,,,
EPiServer.Commerce.UI.Admin.dll,2023-09-12 10:33,,,,,
EPiServer.Cms.Shell.UI.dll,2024-01-16 11:15,,,,,
Azure.Identity.dll,2024-04-09 17:25,,,,,
Microsoft.AspNetCore.JsonPatch.dll,2021-11-18 03:35,,,,,
Jenson.Dynamics.dll,2024-10-07 19:49,,,,,
System.Composition.AttributedModel.dll,2018-05-15 13:29,,,,,
Jenson.Migrations.dll,2024-10-07 19:49,,,,,
Microsoft.AI.DependencyCollector.dll,2022-07-19 19:54,,,,,
Jenson.BloomReach.dll,2024-10-07 19:49,,,,,
Swashbuckle.AspNetCore.SwaggerGen.dll,2023-01-11 06:48,,,,,
FluentMigrator.Extensions.SqlAnywhere.dll,2018-04-27 06:39,,,,,
Microsoft.IdentityModel.Logging.dll,2023-12-01 04:35,,,,,
Microsoft.Data.SqlClient.dll,2024-01-05 08:11,,,,,
System.Diagnostics.DiagnosticSource.dll,2023-02-16 00:32,,,,,
log4net.dll,2020-09-06 18:09,,,,,
System.Threading.AccessControl.dll,2021-10-22 23:48,,,,,
Microsoft.CodeAnalysis.resources.dll,2021-10-14 18:30,,,,,
Microsoft.CodeAnalysis.CSharp.resources.dll,2021-10-14 18:42,,,,,
Avensia.Storefront.Connector.dll,2023-03-30 13:17,,,,,
J2N.dll,2021-03-10 18:12,,,,,
MailKit.dll,2023-03-04 20:28,,,,,
EPiServer.Data.Cache.dll,2024-02-05 13:16,,,,,
Castle.Core.dll,2020-05-06 11:02,,,,,
FluentMigrator.Runner.Core.dll,2018-04-27 06:39,,,,,
Jenson.IdentityProvider.dll,2024-10-07 19:49,,,,,
System.ClientModel.dll,2024-01-03 17:43,,,,,
Swashbuckle.AspNetCore.Swagger.dll,2023-01-11 06:48,,,,,
Microsoft.CodeAnalysis.resources.dll,2021-10-14 18:30,,,,,
Microsoft.CodeAnalysis.CSharp.resources.dll,2021-10-14 18:42,,,,,
Azure.Extensions.AspNetCore.DataProtection.Keys.dll,2023-03-13 23:03,,,,,
Digizuite.Sdk.Core.dll,2022-04-22 13:51,,,,,
Nito.AsyncEx.Context.dll,2021-09-26 00:23,,,,,
Avensia.Storefront.Connector.Opti.Views.dll,2023-03-30 13:17,,,,,
Microsoft.SqlServer.Server.dll,2022-01-27 17:19,,,,,
Mediachase.BusinessFoundation.Data.dll,2023-09-12 10:33,,,,,
Microsoft.ServiceProfiler.Contract.Http.dll,2023-06-27 00:13,,,,,
Mediachase.DataProvider.dll,2023-09-12 10:33,,,,,
Geta.Optimizely.Sitemaps.Commerce.dll,2023-01-27 14:54,,,,,
Wangkanai.Detection.dll,2023-06-16 03:17,,,,,
EPiServer.ApplicationModules.dll,2024-02-05 13:16,,,,,
Azure.Messaging.ServiceBus.dll,2023-08-16 01:15,,,,,
Geta.Optimizely.Sitemaps.dll,2023-01-27 14:54,,,,,
EPiServer.Commerce.UI.CustomerService.dll,2023-09-12 10:33,,,,,
Geta.Mapping.dll,2020-03-23 09:59,,,,,
FluentMigrator.Runner.SqlServerCe.dll,2018-04-27 06:39,,,,,
CsvHelper.dll,2018-03-15 12:25,,,,,
Microsoft.CodeAnalysis.dll,2021-10-14 18:30,,,,,
Microsoft.EntityFrameworkCore.Relational.dll,2023-03-20 17:32,,,,,
Microsoft.AspNetCore.Identity.EntityFrameworkCore.dll,2021-10-26 21:52,,,,,
JetBrains.Annotations.dll,2022-11-07 19:37,,,,,
EPiServer.Business.Commerce.dll,2023-09-12 10:33,,,,,
Microsoft.CodeAnalysis.CSharp.dll,2021-10-14 18:42,,,,,
FluentMigrator.Runner.SQLite.dll,2018-04-27 06:39,,,,,
EPiServer.Azure.dll,2023-10-17 10:47,,,,,
Microsoft.Dynamics.Commerce.RetailProxy.ScaleUnit.dll,2023-12-22 10:32,,,,,
Nest.dll,2022-10-19 12:54,,,,,
Razor.Templating.Core.dll,2021-09-26 10:39,,,,,
EPiServer.Commerce.dll,2023-09-12 10:33,,,,,
Microsoft.IdentityModel.Abstractions.dll,2023-12-01 04:56,,,,,
Microsoft.AI.EventCounterCollector.dll,2022-07-19 19:54,,,,,
Microsoft.Extensions.Diagnostics.HealthChecks.dll,2022-01-15 05:40,,,,,
SixLabors.ImageSharp.dll,2022-02-07 12:33,,,,,
Mediachase.Commerce.dll,2023-09-12 10:33,,,,,
Azure.Core.Amqp.dll,2023-03-03 00:10,,,,,
Mediachase.Search.Extensions.dll,2023-09-12 10:33,,,,,
EPiServer.Cms.AspNetCore.HtmlHelpers.dll,2024-02-05 13:16,,,,,
Jenson.CmsMigrations.dll,2024-10-07 19:49,,,,,
Elasticsearch.Net.dll,2022-10-19 12:54,,,,,
Microsoft.AspNetCore.Mvc.NewtonsoftJson.dll,2021-11-18 03:38,,,,,
EPiServer.CloudPlatform.Commerce.dll,2023-03-30 08:12,,,,,
Microsoft.CodeAnalysis.resources.dll,2021-10-14 18:30,,,,,
Microsoft.CodeAnalysis.CSharp.resources.dll,2021-10-14 18:42,,,,,
Jenson.Domain.dll,2024-10-07 19:49,,,,,
System.Data.SqlClient.dll,2020-01-17 18:28,,,,,
X.PagedList.dll,2023-03-12 21:25,,,,,
System.Security.Permissions.dll,2021-10-22 23:49,,,,,
Nito.Disposables.dll,2021-09-25 21:43,,,,,
Mediachase.Commerce.Website.dll,2023-09-12 10:33,,,,,
Newtonsoft.Json.Bson.dll,2018-11-27 23:10,,,,,
EntityFramework.dll,2020-04-16 20:38,,,,,
EPiServer.Framework.dll,2024-02-05 13:16,,,,,
Microsoft.CodeAnalysis.resources.dll,2021-10-14 18:30,,,,,
Microsoft.CodeAnalysis.CSharp.resources.dll,2021-10-14 18:42,,,,,
Mediachase.Commerce.Plugins.Payment.dll,2023-09-12 10:33,,,,,
Mediachase.SqlDataProvider.dll,2023-09-12 10:33,,,,,
Microsoft.Identity.Client.dll,2024-04-02 01:55,,,,,
Mediachase.Search.LuceneSearchProvider.dll,2023-09-12 10:33,,,,,
Lucene.Net.Analysis.Common.dll,2021-03-25 13:12,,,,,
System.Composition.Hosting.dll,2018-05-15 13:29,,,,,
Microsoft.Bcl.AsyncInterfaces.dll,2023-10-31 14:58,,,,,
Digizuite.Sdk.dll,2022-04-22 13:51,,,,,
System.Memory.Data.dll,2021-04-08 16:45,,,,,
EPiServer.Cms.UI.AspNetIdentity.dll,2024-01-16 11:15,,,,,
TimeZoneConverter.dll,2023-02-12 20:28,,,,,
Microsoft.IdentityModel.JsonWebTokens.dll,2023-12-01 04:34,,,,,
EntityFramework.SqlServer.dll,2020-04-16 20:39,,,,,
FluentMigrator.Runner.SqlAnywhere.dll,2018-04-27 06:39,,,,,
EPiServer.ImageLibrary.dll,2024-02-05 13:16,,,,,
EPiServer.Cms.UI.Settings.dll,2024-01-16 11:15,,,,,
EPiServer.Cms.TinyMce.SpellChecker.dll,2023-12-08 10:37,,,,,
System.Composition.Runtime.dll,2018-05-15 13:29,,,,,
Microsoft.OData.Core.dll,2023-12-08 12:33,,,,,
Microsoft.OpenApi.dll,2020-08-29 20:14,,,,,
Microsoft.AI.WindowsServer.dll,2022-07-19 19:54,,,,,
Algolia.Search.dll,2022-11-08 09:14,,,,,
Microsoft.AI.ServerTelemetryChannel.dll,2022-07-19 19:54,,,,,
System.ServiceModel.Syndication.dll,2021-10-22 23:52,,,,,
Lucene.Net.QueryParser.dll,2021-03-25 13:12,,,,,
Digizuite.Optimizely.dll,2023-06-15 20:47,,,,,
Microsoft.Data.SqlClient.SNI.dll,2023-08-11 18:56,,,,,
sni.dll,2017-07-12 11:24,,,,,
Microsoft.Data.SqlClient.SNI.dll,2023-08-11 18:56,,,,,
System.Diagnostics.PerformanceCounter.dll,2019-11-15 08:54,,,,,
System.Drawing.Common.dll,2021-10-22 23:48,,,,,
System.Windows.Extensions.dll,2021-10-22 23:49,,,,,
Microsoft.Win32.SystemEvents.dll,2021-10-22 23:40,,,,,
System.Security.Cryptography.Pkcs.dll,2023-06-18 23:46,,,,,
System.Security.Cryptography.ProtectedData.dll,2021-10-22 23:51,,,,,
System.Runtime.Caching.dll,2021-10-22 23:52,,,,,
Microsoft.Data.SqlClient.dll,2024-01-05 08:11,,,,,
System.Threading.AccessControl.dll,2021-10-22 23:47,,,,,
System.Data.SqlClient.dll,2020-01-17 18:41,,,,,
sni.dll,2017-07-12 11:24,,,,,
Microsoft.Data.SqlClient.SNI.dll,2023-08-11 18:56,,,,,
System.Drawing.Common.dll,2021-10-22 23:51,,,,,
Microsoft.Data.SqlClient.dll,2024-01-05 08:10,,,,,
System.Data.SqlClient.dll,2020-01-17 18:41,,,,,
sni.dll,2017-07-12 11:24,,,,,
Microsoft.Data.SqlClient.SNI.dll,2023-08-11 18:56,,,,,
Lucene.Net.Queries.dll,2021-03-25 13:12,,,,,
EPiServer.Hosting.dll,2024-02-05 13:16,,,,,
Microsoft.AspNetCore.Mvc.Razor.RuntimeCompilation.dll,2024-01-20 23:01,,,,,
Azure.Extensions.AspNetCore.DataProtection.Blobs.dll,2023-03-13 23:03,,,,,
Microsoft.CodeAnalysis.resources.dll,2021-10-14 18:30,,,,,
Microsoft.CodeAnalysis.CSharp.resources.dll,2021-10-14 18:42,,,,,
Microsoft.ServiceProfiler.Agent.FrontendClient.Profiler.dll,2023-06-27 00:15,,,,,
FluentMigrator.Runner.Hana.dll,2018-04-27 06:39,,,,,
EPiServer.Commerce.Reporting.dll,2023-09-12 10:33,,,,,
EPiServer.Enterprise.dll,2024-02-05 13:16,,,,,
Swashbuckle.AspNetCore.SwaggerUI.dll,2023-01-11 06:49,,,,,
MediatR.Extensions.Microsoft.DependencyInjection.dll,2022-09-30 09:42,,,,,
StructureMap.Microsoft.DependencyInjection.dll,2019-02-11 08:03,,,,,
MediatR.dll,2022-09-30 09:00,,,,,
Microsoft.ApplicationInsights.Profiler.AspNetCore.dll,2023-06-27 00:27,,,,,
Nito.AsyncEx.Tasks.dll,2021-09-26 00:23,,,,,
Luminos.Search.Episerver.Cms.dll,2024-10-07 19:49,,,,,
