module_name,current_version,newest_version,links,notes,tag
Mogul.SeoManager.dll,,,https://nuget.optimizely.com/package/?id=Mogul.SEO.Manager.Package,,1
Mogul.SeoManager.Commerce.dll,,,,,1
TWS.Common.dll,,,,,0
EPiServer.Commerce.Azure.dll,,,https://nuget.optimizely.com/package/?id=EPiServer.Commerce.Azure,,1
EPiServer.Find.UI.dll,,,https://nuget.optimizely.com/package/?id=EPiServer.Find.CMS,,1
Hunspellx64.dll,,,,,1
Polly.Core.dll,,,https://api.nuget.org/v3-flatcontainer/polly.core/index.json,,1
EPiServer.Tracking.Core.dll,,,https://nuget.optimizely.com/package/?id=EPiServer.Tracking.Core,,1
Azure.Storage.Files.Shares.dll,,,https://api.nuget.org/v3-flatcontainer/azure.storage.files.shares/index.json,,1
EPiServer.Labs.Find.Toolbox.dll,,,https://github.com/episerver/EPiServer.Labs.Find.Toolbox,,1
EPiServer.Marketing.Testing.Dal.dll,,,,,0
TWS.CMS.Core.dll,,,,,0
EPiServer.Shell.UI.dll,,,,,1
Azure.Security.KeyVault.Keys.dll,,,https://api.nuget.org/v3-flatcontainer/azure.security.keyvault.keys/index.json,,1
Optimizely.OptiGPT.Client.dll,,,https://nuget.optimizely.com/package/?id=Optimizely.OptiGPT.Client,,1
EPiServer.Cms.UI.Admin.dll,,,https://nuget.optimizely.com/package/?id=EPiServer.CMS.UI.Admin,,1
Lucene.Net.Sandbox.dll,,,https://api.nuget.org/v3-flatcontainer/lucene.net.sandbox/index.json,,1
EPiServer.Cms.AspNetCore.Routing.dll,,,https://nuget.optimizely.com/package/?id=EPiServer.CMS.AspNetCore.Routing,,1
EPiServer.UI.dll,,,https://nuget.optimizely.com/package/?id=EPiServer.CMS.UI,,1
HtmlAgilityPack.dll,,,https://api.nuget.org/v3-flatcontainer/htmlagilitypack/index.json,,1
EPiServer.Commerce.ODP.dll,,,https://nuget.optimizely.com/package/?id=EPiServer.Commerce.ODP,,1
Polly.dll,,,https://api.nuget.org/v3-flatcontainer/polly/index.json,,1
AWSSDK.S3.dll,,,https://api.nuget.org/v3-flatcontainer/awssdk.s3/index.json,,1
EPiServer.Shell.dll,,,,,0
EPiServer.Licensing.dll,,,,,0
EPiServer.Find.Commerce.dll,,,https://nuget.optimizely.com/package/?id=EPiServer.Find.Commerce,,1
Azure.Storage.Common.dll,,,https://api.nuget.org/v3-flatcontainer/azure.storage.common/index.json,,1
BouncyCastle.Crypto.dll,,,https://api.nuget.org/v3-flatcontainer/bouncycastle.crypto.dll/index.json,,1
Lucene.Net.dll,,,https://api.nuget.org/v3-flatcontainer/lucene.net/index.json,,1
EPiServer.Commerce.Shell.dll,,,,,0
EPiServer.Commerce.Bolt.dll,,,,,0
EPiServer.Cms.HealthCheck.dll,,,https://nuget.optimizely.com/package/?id=EPiServer.Cms.HealthCheck,,1
Rotativa.AspNetCore.dll,,,https://api.nuget.org/v3-flatcontainer/rotativa.aspnetcore/index.json,,1
EPiServer.ImageLibrary.ImageSharp.dll,,,https://nuget.optimizely.com/package/?id=EPiServer.ImageLibrary.ImageSharp,,1
WeCantSpell.Hunspell.dll,,,https://api.nuget.org/v3-flatcontainer/wecantspell.hunspell/index.json,,1
AuthorizeNet.dll,,,https://api.nuget.org/v3-flatcontainer/authorizenet/index.json,,1
SixLabors.Fonts.dll,,,https://api.nuget.org/v3-flatcontainer/sixlabors.fonts/index.json,,1
TWS.Analytics.dll,,,,,0
MimeKit.dll,,,https://api.nuget.org/v3-flatcontainer/mimekit/index.json,,1
EPiServer.Framework.AspNetCore.dll,,,https://nuget.optimizely.com/package/?id=EPiServer.Framework.AspNetCore,,1
EPiServer.Marketing.KPI.Commerce.dll,,,https://nuget.optimizely.com/package/?id=EPiServer.Marketing.KPI.Commerce,,1
Azure.Security.KeyVault.Secrets.dll,,,https://api.nuget.org/v3-flatcontainer/azure.security.keyvault.secrets/index.json,,1
Wangkanai.System.dll,,,https://api.nuget.org/v3-flatcontainer/wangkanai.system/index.json,,1
Stott.Optimizely.RobotsHandler.dll,,,https://nuget.optimizely.com/package/?id=Stott.Optimizely.RobotsHandler,,1
EPiCode.InspectInIndex.dll,,,https://nuget.optimizely.com/package/?id=EPiCode.InspectInIndex,,1
Azure.Core.dll,,,https://api.nuget.org/v3-flatcontainer/azure.core/index.json,,1
EPiServer.Cms.AspNetCore.Templating.dll,,,https://nuget.optimizely.com/package/?id=EPiServer.CMS.AspNetCore.Templating,,1
EPiServer.Data.dll,,,,,0
X.PagedList.Mvc.Core.dll,,,https://api.nuget.org/v3-flatcontainer/x.pagedlist.mvc.core/index.json,,1
TWS.ETL.dll,,,,,1
EPiServer.Cms.AspNetCore.dll,,,https://nuget.optimizely.com/package/?id=EPiServer.CMS.AspNetCore,,1
EPiServer.dll,,,,,0
EPiServer.Cms.AspNetCore.Mvc.dll,,,https://nuget.optimizely.com/package/?id=EPiServer.CMS.AspNetCore.Mvc,,1
Wangkanai.Hosting.dll,,,https://github.com/wangkanai/wangkanai,,1
EPiServer.Events.dll,,,,,0
EPiServer.Tracking.Commerce.dll,,,https://nuget.optimizely.com/package/?id=EPiServer.Tracking.Commerce,,1
Castle.Windsor.dll,,,https://api.nuget.org/v3-flatcontainer/castle.windsor/index.json,,1
EPiServer.Commerce.Internal.Migration.dll,,,,,0
EPiServer.Forms.Samples.dll,,,https://nuget.optimizely.com/package/?id=EPiServer.Forms.Samples,,1
EPiServer.Cms.Warmup.dll,,,https://nuget.optimizely.com/package/?id=EPiServer.Cms.Warmup,,1
Azure.Storage.Blobs.dll,,,https://api.nuget.org/v3-flatcontainer/azure.storage.blobs/index.json,,1
EPiServer.CloudPlatform.Cms.dll,,,https://nuget.optimizely.com/package/?id=EPiServer.CloudPlatform.Cms,,1
EPIServer.Marketing.Messaging.dll,,,https://nuget.optimizely.com/package/?id=EPiServer.Marketing.Messaging,,1
EPiServer.CMS.dll,,,,,0
StarkbankEcdsa.dll,,,https://github.com/starkbank/ecdsa-dotnet,,1
CommandLine.dll,,,https://api.nuget.org/v3-flatcontainer/commandline.net/index.json,,1
EPiServer.Commerce.UI.dll,,,https://nuget.optimizely.com/package/?id=EPiServer.Commerce.UI,,1
EPiServer.Find.Statistics.dll,,,,,0
EPiServer.Find.Cms.dll,,,https://nuget.optimizely.com/package/?id=EPiServer.Find.Cms,,1
Geta.Optimizely.ContentTypeIcons.dll,,,https://github.com/Geta/geta-optimizely-contenttypeicons,,1
EPiServer.Cms.TinyMce.dll,,,https://nuget.optimizely.com/package/?id=EPiServer.CMS.TinyMce,,1
EPiServer.Cms.AspNetCore.TagHelpers.dll,,,https://nuget.optimizely.com/package/?id=EPiServer.CMS.AspNetCore.TagHelpers,,1
Mogul.SeoManager.Views.dll,,,,,0
Hunspellx86.dll,,,,,0
SendGrid.dll,,,https://api.nuget.org/v3-flatcontainer/sendgrid/index.json,,1
EPiServer.LinkAnalyzer.dll,,,,,0
EPiServer.Forms.UI.dll,,,https://nuget.optimizely.com/package/?id=EPiServer.Forms.UI,,1
SixLabors.ImageSharp.Web.dll,,,https://api.nuget.org/v3-flatcontainer/sixlabors.imagesharp.web/index.json,,1
EPiServer.Cms.UI.VisitorGroups.dll,,,https://nuget.optimizely.com/package/?id=EPiServer.CMS.UI.VisitorGroups,,1
Newtonsoft.Json.dll,,,https://api.nuget.org/v3-flatcontainer/newtonsoft.json/index.json,,1
TWS.Website.dll,,,,,0
TWS.Commerce.Shared.dll,,,,,0
EPiServer.Commerce.UI.Admin.dll,,,https://nuget.optimizely.com/package/?id=EPiServer.Commerce.UI.Admin,,1
EPiServer.Cms.Shell.UI.dll,,,,,0
TWS.Search.Find.dll,,,,,0
Azure.Identity.dll,,,https://api.nuget.org/v3-flatcontainer/azure.identity/index.json,,1
EPiServer.Session.dll,,,https://nuget.optimizely.com/package/?id=EPiServer.Session,,1
TWS.CdnSupport.dll,,,,,0
EPiServer.Find.Optimizations.dll,,,,,0
EPiServer.AddOns.Helpers.dll,,,https://nuget.optimizely.com/package/?id=EPiServer.AddOns.Helpers,,1
J2N.dll,,,https://api.nuget.org/v3-flatcontainer/j2n/index.json,,1
MailKit.dll,,,https://api.nuget.org/v3-flatcontainer/mailkit/index.json,,1
EPiServer.Data.Cache.dll,,,,,0
Castle.Core.dll,,,https://api.nuget.org/v3-flatcontainer/castle.core/index.json,,1
EPiServer.Find.Framework.dll,,,https://nuget.optimizely.com/package/?id=EPiServer.Find.Framework,,1
Azure.Extensions.AspNetCore.DataProtection.Keys.dll,,,https://api.nuget.org/v3-flatcontainer/azure.extensions.aspnetcore.dataprotection.keys/index.json,,1
SkiaSharp.dll,,,https://api.nuget.org/v3-flatcontainer/skiasharp/index.json,,1
ICSharpCode.SharpZipLib.dll,,,,,1
EPiServer.Personalization.Content.UI.dll,,,https://nuget.optimizely.com/package/?id=EPiServer.Personalization.Content.UI,,1
EPiServer.Find.dll,,,https://nuget.optimizely.com/package/?id=EPiServer.Find,,1
Geta.Optimizely.Sitemaps.Commerce.dll,,,https://nuget.optimizely.com/package/?id=Geta.Optimizely.Sitemaps.Commerce,,1
Wangkanai.Detection.dll,,,https://api.nuget.org/v3-flatcontainer/skiasharp/index.json,,1
EPiServer.ApplicationModules.dll,,,,,0
EPiServer.Marketing.Testing.Core.dll,,,,,1
Azure.Messaging.ServiceBus.dll,,,https://api.nuget.org/v3-flatcontainer/azure.messaging.servicebus/index.json,,1
EPiServer.Marketing.Testing.Web.dll,,,,,1
SixLabors.ImageSharp.Drawing.dll,,,https://api.nuget.org/v3-flatcontainer/sixlabors.imagesharp.drawing/index.json,,1
Geta.Optimizely.Sitemaps.dll,,,https://nuget.optimizely.com/package/?id=Geta.Optimizely.Sitemaps,,1
Humanizer.dll,,,https://api.nuget.org/v3-flatcontainer/humanizer/index.json,,1
EPiServer.Commerce.UI.CustomerService.dll,,,,,0
Geta.Mapping.dll,,,https://api.nuget.org/v3-flatcontainer/geta.mapping/index.json,,1
CsvHelper.dll,,,https://api.nuget.org/v3-flatcontainer/csvhelper/index.json,,1
DocumentFormat.OpenXml.dll,,,https://api.nuget.org/v3-flatcontainer/documentformat.openxml/index.json,,1
EPiServer.Business.Commerce.dll,,,,,0
EPiServer.Azure.dll,,,https://nuget.optimizely.com/package/?id=EPiServer.Azure,,1
EPiServer.Commerce.dll,,,https://nuget.optimizely.com/package/?id=EPiServer.Commerce,,1
SixLabors.ImageSharp.dll,,,https://github.com/SixLabors/ImageSharp,,1
Azure.Core.Amqp.dll,,,https://api.nuget.org/v3-flatcontainer/azure.core.amqp/index.json,,1
Mono.TextTemplating.dll,,,https://api.nuget.org/v3-flatcontainer/mono.texttemplating/index.json,,1
EPiServer.Cms.AspNetCore.HtmlHelpers.dll,,,https://nuget.optimizely.com/package/?id=EPiServer.CMS.AspNetCore.HtmlHelpers,,1
EPiServer.CloudPlatform.Commerce.dll,,,https://nuget.optimizely.com/package/?id=EPiServer.CloudPlatform.Commerce,,1
Baaijte.Optimizely.ImageSharp.Web.dll,,,https://nuget.optimizely.com/package/?id=Baaijte.Optimizely.ImageSharp.Web,,1
BouncyCastle.Cryptography.dll,,,https://api.nuget.org/v3-flatcontainer/bouncycastle.cryptography/index.json,,1
TWS.IOC.dll,,,,,0
EPiServer.Forms.dll,,,https://nuget.optimizely.com/package/?id=EPiServer.Forms,Jobs cause high CPU if version is 4.40.3,1
X.PagedList.dll,,,https://api.nuget.org/v3-flatcontainer/x.pagedlist/index.json,,1
RestSharp.dll,,,https://api.nuget.org/v3-flatcontainer/restsharp/index.json,,1
AWSSDK.Core.dll,,,https://api.nuget.org/v3-flatcontainer/awssdk.core/index.json,,1
Newtonsoft.Json.Bson.dll,,,,,0
TWS.Commerce.Core.dll,,,,,0
EntityFramework.dll,,,https://api.nuget.org/v3-flatcontainer/entityframework/index.json,,1
EPiServer.Framework.dll,,,https://nuget.optimizely.com/package/?id=EPiServer.Framework,,1
EPiServer.Forms.Core.dll,,,https://nuget.optimizely.com/package/?id=EPiServer.Forms.Core,,1
Lucene.Net.Analysis.Common.dll,,,https://api.nuget.org/v3-flatcontainer/lucene.net.analysis.common/index.json,,1
EPiServer.Personalization.Commerce.dll,,,https://nuget.optimizely.com/package/?id=EPiServer.Personalization.Commerce,,1
EPiServer.Cms.UI.AspNetIdentity.dll,,,https://nuget.optimizely.com/package/?id=EPiServer.CMS.UI.AspNetIdentity,,1
EPiServer.Marketing.KPI.dll,,,https://nuget.optimizely.com/package/?id=EPiServer.Marketing.KPI,,1
EntityFramework.SqlServer.dll,,,,,1
EPiServer.ImageLibrary.dll,,,,,1
EPiServer.Cms.UI.Settings.dll,,,https://nuget.optimizely.com/package/?id=EPiServer.CMS.UI.Settings,,1
EPiServer.Cms.TinyMce.SpellChecker.dll,,,,,0
EPiServer.Labs.LanguageManager.dll,,,https://nuget.optimizely.com/package/?id=EPiServer.Labs.LanguageManager,,1
EPiServer.Personalization.Common.dll,,,https://nuget.optimizely.com/package/?id=EPiServer.Personalization.Common,,1
GoogleMapsEditor.dll,,,https://nuget.optimizely.com/package/?id=GoogleMapsEditor,,1
Lucene.Net.QueryParser.dll,,,https://api.nuget.org/v3-flatcontainer/lucene.net.queryparser/index.json,,1
SixLabors.ImageSharp.Web.Providers.Azure.dll,,,https://api.nuget.org/v3-flatcontainer/sixlabors.imagesharp.web.providers.azure/index.json,,1
sni.dll,,,,,0
libSkiaSharp.dll,,,https://github.com/mono/SkiaSharp,,1
Lucene.Net.Queries.dll,,,https://api.nuget.org/v3-flatcontainer/lucene.net.queries/index.json,,1
EPiServer.Hosting.dll,,,https://nuget.optimizely.com/package/?id=EPiServer.Hosting,,1
EPiServer.Profiles.Client.Common.dll,,,https://nuget.optimizely.com/package/?id=EPiServer.Profiles.Client.Common,,1
Azure.Extensions.AspNetCore.DataProtection.Blobs.dll,,,https://api.nuget.org/v3-flatcontainer/azure.extensions.aspnetcore.dataprotection.blobs/index.json,,1
EPiServer.Commerce.Reporting.dll,,,,,0
EPiServer.Enterprise.dll,,,,,0
Azure.Storage.Queues.dll,,,https://api.nuget.org/v3-flatcontainer/azure.storage.queues/index.json,,1
Microsoft.ApplicationInsights.dll,,,https://api.nuget.org/v3-flatcontainer/microsoft.applicationinsights/index.json,,1
Microsoft.EntityFrameworkCore.dll,,,https://api.nuget.org/v3-flatcontainer/microsoft.entityframeworkcore/index.json,,1
Microsoft.IdentityModel.Tokens.dll,,,https://api.nuget.org/v3-flatcontainer/microsoft.identitymodel.tokens/index.json,,1
Microsoft.ApplicationInsights.Profiler.Core.dll,,,https://api.nuget.org/v3-flatcontainer/microsoft.applicationinsights.profiler.core/index.json,,1
Microsoft.WindowsAzure.Storage.dll,,,https://api.nuget.org/v3-flatcontainer/windowsazure.storage/index.json,,1
Microsoft.IdentityModel.Protocols.WsTrust.dll,,,https://api.nuget.org/v3-flatcontainer/microsoft.identitymodel.protocols.wstrust/index.jso,,1
System.ServiceModel.NetTcp.dll,,,https://api.nuget.org/v3-flatcontainer/system.servicemodel.nettcp/index.json,,1
System.Drawing.Common.dll,,,https://api.nuget.org/v3-flatcontainer/system.drawing.common/index.json,,1
Microsoft.Azure.ServiceBus.dll,,,,,1
Microsoft.ServiceProfiler.Common.Utilities.dll,,,,,0
Microsoft.ApplicationInsights.AspNetCore.dll,,,https://api.nuget.org/v3-flatcontainer/microsoft.applicationinsights.aspnetcore/index.json,,1
System.ServiceModel.Primitives.dll,,,https://api.nuget.org/v3/registration5-semver1/system.servicemodel.primitives/index.json,,1
System.Private.ServiceModel.resources.dll,,,,,0
Microsoft.CodeAnalysis.Workspaces.resources.dll,,,,,0
Microsoft.CodeAnalysis.CSharp.Workspaces.resources.dll,,,https://api.nuget.org/v3/registration5-semver1/microsoft.codeanalysis.csharp.workspaces/index.json,,1
Microsoft.CodeAnalysis.resources.dll,,,https://api.nuget.org/v3/registration5-semver1/microsoft.codeanalysis/index.json,,1
Microsoft.CodeAnalysis.CSharp.resources.dll,,,,,0
System.IO.Packaging.dll,,,https://api.nuget.org/v3/registration5-semver1/system.io.packaging/index.json,,1
Microsoft.Identity.Client.Extensions.Msal.dll,,,https://api.nuget.org/v3/registration5-semver1/microsoft.identity.client.extensions.msal/index.json,,1
Microsoft.CodeAnalysis.CSharp.Workspaces.dll,,,https://api.nuget.org/v3/registration5-semver1/microsoft.codeanalysis.csharp.workspaces/index.json,,1
System.Windows.Extensions.dll,,,https://api.nuget.org/v3/registration5-semver1/system.windows.extensions/index.json,,1
Microsoft.ServiceProfiler.Contract.Agent.dll,,,,,0
Microsoft.ServiceProfiler.EventPipe.Orchestration.dll,,,,,0
Microsoft.Win32.SystemEvents.dll,,,,,0
Microsoft.Rest.ClientRuntime.dll,,,,,0
Microsoft.EntityFrameworkCore.Design.dll,,,https://api.nuget.org/v3/registration5-semver1/microsoft.entityframeworkcore.design/index.json,,1
Microsoft.ServiceProfiler.Orchestration.dll,,,,,0
Microsoft.IdentityModel.Clients.ActiveDirectory.dll,,,,,0
System.Diagnostics.PerformanceCounter.dll,,,https://api.nuget.org/v3/registration5-semver1/system.diagnostics.performancecounter/index.json,,1
Microsoft.AI.PerfCounterCollector.dll,,,https://api.nuget.org/v3/registration5-semver1/microsoft.applicationinsights.perfcountercollector/index.json,,1
System.Composition.Convention.dll,,,https://api.nuget.org/v3/registration5-semver1/system.composition.convention/index.json,,1
Microsoft.ServiceProfiler.Utilities.dll,,,,,0
Microsoft.ServiceProfiler.Agent.FrontendClient.dll,,,,,0
Microsoft.Azure.Amqp.dll,,,https://api.nuget.org/v3/registration5-semver1/microsoft.azure.amqp/index.json,,1
Microsoft.Azure.KeyVault.Core.dll,,,,,0
System.ServiceModel.Security.dll,,,https://api.nuget.org/v3/registration5-semver1/system.servicemodel.security/index.json,,1
Microsoft.ServiceProfiler.Agent.Exceptions.dll,,,,,0
System.IO.Hashing.dll,,,https://api.nuget.org/v3/registration5-semver1/system.io.hashing/index.json,,1
Microsoft.AspNetCore.Authentication.OpenIdConnect.dll,,,https://api.nuget.org/v3/registration5-semver1/microsoft.aspnetcore.authentication.openidconnect/index.json,,1
Microsoft.IO.RecyclableMemoryStream.dll,,,https://api.nuget.org/v3/registration5-semver1/microsoft.io.recyclablememorystream/index.json,,1
System.ServiceModel.Federation.dll,,,https://api.nuget.org/v3/registration5-semver1/system.servicemodel.federation/index.json,,1
System.Security.Cryptography.ProtectedData.dll,,,https://api.nuget.org/v3/registration5-semver1/system.security.cryptography.protecteddata/index.json,,1
Microsoft.Extensions.DependencyModel.dll,,,https://api.nuget.org/v3/registration5-semver1/microsoft.extensions.dependencymodel/index.json,,1
System.ServiceModel.dll,,,,,0
Microsoft.ServiceProfiler.ProcessMonitor.dll,,,,,0
System.CodeDom.dll,,,https://api.nuget.org/v3/registration5-semver1/system.codedom/index.json,,1
System.Configuration.ConfigurationManager.dll,,,https://api.nuget.org/v3/registration5-semver1/system.configuration.configurationmanager/index.json,,1
Microsoft.ServiceProfiler.HttpPipeline.dll,,,,,0
Microsoft.IdentityModel.Tokens.Saml.dll,,,https://api.nuget.org/v3/registration5-semver1/microsoft.identitymodel.tokens.saml/index.json,,1
System.Composition.TypedParts.dll,,,https://api.nuget.org/v3/registration5-semver1/system.composition.typedparts/index.json,,1
System.Linq.Async.dll,,,https://api.nuget.org/v3/registration5-semver1/system.linq.async/index.json,,1
Microsoft.ServiceProfiler.Contract.Agent.Profiler.dll,,,,,0
Microsoft.CodeAnalysis.Razor.dll,,,https://api.nuget.org/v3/registration5-semver1/microsoft.codeanalysis.razor/index.json,,1
Microsoft.Extensions.Logging.ApplicationInsights.dll,,,https://api.nuget.org/v3/registration5-semver1/microsoft.extensions.logging.applicationinsights/index.json,,1
Microsoft.EntityFrameworkCore.Abstractions.dll,,,https://api.nuget.org/v3/registration5-semver1/microsoft.entityframeworkcore.abstractions/index.json,,1
Microsoft.ServiceProfiler.Logging.dll,,,,,0
Microsoft.AspNetCore.Mvc.Razor.Extensions.dll,,,https://api.nuget.org/v3/registration5-semver1/microsoft.aspnetcore.mvc.razor.extensions/index.json,,1
Microsoft.Rest.ClientRuntime.Azure.dll,,,,,0
System.IdentityModel.Tokens.Jwt.dll,,,https://api.nuget.org/v3/registration5-semver1/system.identitymodel.tokens.jwt/index.json,,1
Microsoft.IdentityModel.Protocols.OpenIdConnect.dll,,,https://api.nuget.org/v3/registration5-semver1/microsoft.identitymodel.protocols.openidconnect/index.json,,1
Microsoft.IdentityModel.Protocols.dll,,,https://api.nuget.org/v3/registration5-semver1/microsoft.identitymodel.protocols/index.json,,1
Microsoft.Diagnostics.NETCore.Client.dll,,,https://api.nuget.org/v3/registration5-semver1/microsoft.diagnostics.netcore.client/index.json,,1
Microsoft.ApplicationInsights.Profiler.Logging.dll,,,https://api.nuget.org/v3/registration5-semver1/microsoft.applicationinsights.profiler.core/index.json,,1
Microsoft.ApplicationInsights.Profiler.HostingStartup30.dll,,,,,0
Microsoft.AspNetCore.Razor.Language.dll,,,https://api.nuget.org/v3/registration5-semver1/microsoft.aspnetcore.razor.language/index.json,,1
Microsoft.EntityFrameworkCore.SqlServer.dll,,https://api.nuget.org/v3/registration5-semver1/microsoft.entityframeworkcore.sqlserver/index.json,,,1
System.Runtime.Caching.dll,,,https://api.nuget.org/v3/registration5-semver1/system.runtime.caching/index.json,,1
Microsoft.AspNetCore.JsonPatch.dll,,,https://api.nuget.org/v3/registration5-semver1/microsoft.aspnetcore.jsonpatch/index.json,,1
System.ServiceModel.Duplex.dll,,,https://api.nuget.org/v3/registration5-semver1/system.servicemodel.duplex/index.json,,1
System.Composition.AttributedModel.dll,,,https://api.nuget.org/v3/registration5-semver1/system.composition.attributedmodel/index.json,,1
Microsoft.AI.DependencyCollector.dll,,,https://api.nuget.org/v3/registration5-semver1/microsoft.applicationinsights.dependencycollector/index.json,,1
Microsoft.IdentityModel.Logging.dll,,,https://api.nuget.org/v3/registration5-semver1/microsoft.identitymodel.logging/index.json,,1
Microsoft.Data.SqlClient.dll,,,https://api.nuget.org/v3/registration5-semver1/microsoft.data.sqlclient/index.json,,1
System.Threading.AccessControl.dll,,,https://api.nuget.org/v3/registration5-semver1/system.threading.accesscontrol/index.json,,1
System.Net.Http.Formatting.dll,,,,,0
Microsoft.SqlServer.Server.dll,,,,,0
Microsoft.ServiceProfiler.Contract.Http.dll,,,,,0
Microsoft.IdentityModel.Xml.dll,,,https://api.nuget.org/v3/registration5-semver1/microsoft.identitymodel.xml/index.json,,1
Microsoft.CodeAnalysis.dll,,,https://api.nuget.org/v3/registration5-semver1/microsoft.codeanalysis/index.json,,1
System.ServiceModel.Http.dll,,,https://api.nuget.org/v3/registration5-semver1/system.servicemodel.http/index.json,,1
Microsoft.EntityFrameworkCore.Relational.dll,,,https://api.nuget.org/v3/registration5-semver1/microsoft.entityframeworkcore.relational/index.json,,1
Microsoft.AspNetCore.Identity.EntityFrameworkCore.dll,,,https://api.nuget.org/v3/registration5-semver1/microsoft.aspnetcore.identity.entityframeworkcore/index.json,,1
Microsoft.CodeAnalysis.CSharp.dll,,,https://api.nuget.org/v3/registration5-semver1/microsoft.codeanalysis.csharp/index.json,,1
Microsoft.IdentityModel.Abstractions.dll,,,https://api.nuget.org/v3/registration5-semver1/microsoft.identitymodel.abstractions/index.json,,1
Microsoft.AI.EventCounterCollector.dll,,,,,0
Microsoft.AspNetCore.Mvc.NewtonsoftJson.dll,,,https://api.nuget.org/v3/registration5-semver1/microsoft.aspnetcore.mvc.newtonsoftjson/index.json,,1
System.Data.SqlClient.dll,,,https://api.nuget.org/v3/registration5-semver1/system.data.sqlclient/index.json,,1
System.Security.Permissions.dll,,,https://api.nuget.org/v3/registration5-semver1/system.security.permissions/index.json,,1
Microsoft.CodeAnalysis.Workspaces.dll,,,https://api.nuget.org/v3/registration5-semver1/microsoft.codeanalysis.workspaces.common/index.json,,1
Microsoft.Identity.Client.dll,,,https://api.nuget.org/v3/registration5-semver1/microsoft.identity.client/index.json,,1
System.Composition.Hosting.dll,,,https://api.nuget.org/v3/registration5-semver1/system.composition.hosting/index.json,,1
Microsoft.Bcl.AsyncInterfaces.dll,,,https://api.nuget.org/v3/registration5-semver1/microsoft.bcl.asyncinterfaces/index.json,,1
System.Memory.Data.dll,,,https://api.nuget.org/v3/registration5-semver1/system.memory.data/index.json,,1
Microsoft.Azure.Services.AppAuthentication.dll,,,,,0
Microsoft.IdentityModel.JsonWebTokens.dll,,,https://api.nuget.org/v3/registration5-semver1/microsoft.identitymodel.jsonwebtokens/index.json,,1
System.Composition.Runtime.dll,,,https://api.nuget.org/v3/registration5-semver1/system.composition.runtime/index.json,,1
Microsoft.AI.WindowsServer.dll,,,,,0
Microsoft.AI.ServerTelemetryChannel.dll,,,,,0
System.ServiceModel.Syndication.dll,,,https://api.nuget.org/v3/registration5-semver1/system.servicemodel.syndication/index.json,,1
Microsoft.Data.SqlClient.SNI.dll,,,https://api.nuget.org/v3/registration5-semver1/microsoft.data.sqlclient.sni/index.json,,1
Microsoft.ServiceProfiler.Agent.FrontendClient.Profiler.dll,,,,,0
System.Private.ServiceModel.dll,,,https://api.nuget.org/v3/registration5-semver1/system.private.servicemodel/index.json,,1
Microsoft.ApplicationInsights.Profiler.AspNetCore.dll,,,https://api.nuget.org/v3/registration5-semver1/microsoft.applicationinsights.profiler.aspnetcore/index.json,,1
Mediachase.Search.Extensions.Azure.dll,,,,,0
Mediachase.Search.LuceneAzureSearchProvider.dll,,,,,0
Mediachase.Commerce.Plugins.Shipping.dll,,,,,0
Mediachase.Search.dll,,,,,0
Mediachase.Commerce.Workflow.dll,,,,,0
Mediachase.MetaDataPlus.dll,,,,,0
Mediachase.BusinessFoundation.Data.dll,,,,,0
Mediachase.DataProvider.dll,,,,,0
Mediachase.Commerce.dll,,,,,0
Mediachase.Search.Extensions.dll,,,,,0
Mediachase.Commerce.Website.dll,,,,,0
Mediachase.Commerce.Plugins.Payment.dll,,,,,0
Mediachase.SqlDataProvider.dll,,,,,0
Mediachase.Search.LuceneSearchProvider.dll,,,,,0
Adyen.dll,,,,,2
Jenson.Ups.dll,,,,,2
FluentMigrator.dll,,,,,2
FluentMigrator.Runner.Oracle.dll,,,,,2
FluentMigrator.Abstractions.resources.dll,,,,,2
Microsoft.Dynamics.Retail.Diagnostics.dll,,,,,2
Luminos.Search.Episerver.dll,,,,,2
Microsoft.Spatial.dll,,,,,2
Avensia.Storefront.Connector.Common.dll,,,,,2
FluentMigrator.Runner.Db2.dll,,,,,2
Riskified.SDK.dll,,,,,2
MediatR.Contracts.dll,,,,,2
Microsoft.OData.Client.dll,,,,,2
RazorEngine.NetCore.dll,,,,,2
Jenson.Payment.dll,,,,,2
FluentMigrator.Extensions.SqlServer.dll,,,,,2
Jenson.Search.dll,,,,,2
Jenson.TurnTo.dll,,,,,2
Jenson.DataDogLogging.dll,,,,,2
Luminos.ExtensionLibrary.dll,,,,,2
AutoMapper.Extensions.Microsoft.DependencyInjection.dll,,,,,2
Microsoft.Extensions.Diagnostics.HealthChecks.Abstractions.dll,,,,,2
Rhino.Licensing.dll,,,,,2
StackExchange.Redis.dll,,,,,2
IdentityModel.dll,,,,,2
Dapper.dll,,,,,2
Microsoft.Extensions.Logging.Abstractions.dll,,,,,2
System.Security.Cryptography.Pkcs.dll,,,,,2
Luminos.Search.Core.dll,,,,,2
Luminos.Search.Episerver.Commerce.dll,,,,,2
Jenson.Application.dll,,,,,2
Microsoft.Dynamics.Commerce.Runtime.Framework.dll,,,,,2
FluentMigrator.Runner.Postgres.dll,,,,,2
Jenson.CurrencyLayer.dll,,,,,2
Avensia.Storefront.Connector.Opti.dll,,,,,2
FluentFTP.dll,,,,,2
FluentMigrator.Runner.MySql.dll,,,,,2
FluentMigrator.Runner.SqlServer.dll,,,,,2
Microsoft.IdentityModel.Clients.ActiveDirectory.Platform.dll,,,,,2
Avensia.Storefront.Connector.D365ScaleUnit.dll,,,,,2
FluentMigrator.Runner.dll,,,,,2
Jenson.Web.dll,,,,,2
Microsoft.Extensions.DependencyInjection.dll,,,,,2
FluentMigrator.Runner.Redshift.dll,,,,,2
Microsoft.AspNetCore.ResponseCaching.Abstractions.dll,,,,,2
System.IO.FileSystem.Primitives.dll,,,,,2
System.Diagnostics.Tracing.dll,,,,,2
Microsoft.AspNetCore.HostFiltering.dll,,,,,2
Microsoft.Extensions.Primitives.dll,,,,,2
System.Security.Cryptography.X509Certificates.dll,,,,,2
System.Text.Encodings.Web.dll,,,,,2
Microsoft.AspNetCore.Server.Kestrel.Transport.Quic.dll,,,,,2
System.ObjectModel.dll,,,,,2
System.Windows.dll,,,,,2
Microsoft.AspNetCore.Mvc.Abstractions.dll,,,,,2
System.ComponentModel.EventBasedAsync.dll,,,,,2
System.Threading.ThreadPool.dll,,,,,2
System.Threading.Overlapped.dll,,,,,2
System.Diagnostics.StackTrace.dll,,,,,2
System.Net.WebSockets.dll,,,,,2
System.Reflection.Emit.dll,,,,,2
System.Resources.Reader.dll,,,,,2
System.Net.Requests.dll,,,,,2
Microsoft.AspNetCore.Rewrite.dll,,,,,2
Microsoft.Extensions.Logging.Debug.dll,,,,,2
System.Xml.Linq.dll,,,,,2
System.Threading.Tasks.Dataflow.dll,,,,,2
Microsoft.AspNetCore.Http.Connections.dll,,,,,2
Microsoft.AspNetCore.Localization.Routing.dll,,,,,2
System.Security.Cryptography.OpenSsl.dll,,,,,2
System.Net.NetworkInformation.dll,,,,,2
Microsoft.Extensions.Configuration.Binder.dll,,,,,2
System.Formats.Asn1.dll,,,,,2
System.Console.dll,,,,,2
System.Reflection.Primitives.dll,,,,,2
Microsoft.AspNetCore.ResponseCompression.dll,,,,,2
Microsoft.AspNetCore.Mvc.RazorPages.dll,,,,,2
System.Runtime.Serialization.Json.dll,,,,,2
System.ComponentModel.dll,,,,,2
Microsoft.Win32.Primitives.dll,,,,,2
System.Runtime.Serialization.Formatters.dll,,,,,2
Microsoft.AspNetCore.DataProtection.dll,,,,,2
Microsoft.AspNetCore.Components.dll,,,,,2
System.IO.IsolatedStorage.dll,,,,,2
Microsoft.AspNetCore.Routing.Abstractions.dll,,,,,2
Microsoft.AspNetCore.Antiforgery.dll,,,,,2
System.Net.NameResolution.dll,,,,,2
Microsoft.AspNetCore.Components.Forms.dll,,,,,2
System.Net.Primitives.dll,,,,,2
Microsoft.Extensions.Localization.dll,,,,,2
Microsoft.AspNetCore.Session.dll,,,,,2
System.IO.UnmanagedMemoryStream.dll,,,,,2
Microsoft.Extensions.Configuration.KeyPerFile.dll,,,,,2
Microsoft.Extensions.Options.dll,,,,,2
Microsoft.AspNetCore.Metadata.dll,,,,,2
System.Runtime.InteropServices.dll,,,,,2
Microsoft.AspNetCore.Cryptography.KeyDerivation.dll,,,,,2
System.Configuration.dll,,,,,2
Microsoft.AspNetCore.Connections.Abstractions.dll,,,,,2
System.Net.WebProxy.dll,,,,,2
System.Xml.Serialization.dll,,,,,2
System.Xml.ReaderWriter.dll,,,,,2
Microsoft.Extensions.FileProviders.Abstractions.dll,,,,,2
System.Runtime.CompilerServices.Unsafe.dll,,,,,2
System.Core.dll,,,,,2
System.Linq.Expressions.dll,,,,,2
System.Linq.dll,,,,,2
Microsoft.AspNetCore.CookiePolicy.dll,,,,,2
Microsoft.AspNetCore.HttpsPolicy.dll,,,,,2
Microsoft.AspNetCore.Http.dll,,,,,2
System.Diagnostics.Process.dll,,,,,2
Microsoft.Net.Http.Headers.dll,,,,,2
System.Diagnostics.Debug.dll,,,,,2
Microsoft.Extensions.Options.ConfigurationExtensions.dll,,,,,2
System.Threading.Tasks.Extensions.dll,,,,,2
Microsoft.AspNetCore.Authorization.Policy.dll,,,,,2
System.Numerics.dll,,,,,2
System.IO.Pipelines.dll,,,,,2
Microsoft.AspNetCore.Http.Abstractions.dll,,,,,2
Microsoft.AspNetCore.HttpLogging.dll,,,,,2
Microsoft.AspNetCore.Mvc.DataAnnotations.dll,,,,,2
System.IO.FileSystem.DriveInfo.dll,,,,,2
System.Net.Mail.dll,,,,,2
Microsoft.AspNetCore.ResponseCaching.dll,,,,,2
System.Reflection.TypeExtensions.dll,,,,,2
Microsoft.AspNetCore.Components.Web.dll,,,,,2
System.Collections.dll,,,,,2
System.Resources.Writer.dll,,,,,2
Microsoft.AspNetCore.Authorization.dll,,,,,2
System.Numerics.Vectors.dll,,,,,2
Microsoft.Extensions.Diagnostics.HealthChecks.Abstractions.dll,,,,,2
Microsoft.Extensions.Configuration.Abstractions.dll,,,,,2
Microsoft.CSharp.dll,,,,,2
System.Runtime.Serialization.Xml.dll,,,,,2
Microsoft.AspNetCore.StaticFiles.dll,,,,,2
Microsoft.Extensions.Features.dll,,,,,2
Microsoft.Extensions.Logging.dll,,,,,2
System.ValueTuple.dll,,,,,2
System.Security.Principal.Windows.dll,,,,,2
Microsoft.Extensions.Logging.Abstractions.dll,,,,,2
Microsoft.AspNetCore.Diagnostics.HealthChecks.dll,,,,,2
Microsoft.Extensions.Hosting.Abstractions.dll,,,,,2
System.Net.ServicePoint.dll,,,,,2
System.Drawing.Primitives.dll,,,,,2
System.Resources.ResourceManager.dll,,,,,2
System.ServiceModel.Web.dll,,,,,2
Microsoft.Extensions.ObjectPool.dll,,,,,2
System.Security.dll,,,,,2
System.Security.Principal.dll,,,,,2
System.Net.Http.Json.dll,,,,,2
Microsoft.Extensions.WebEncoders.dll,,,,,2
Microsoft.AspNetCore.Mvc.Formatters.Xml.dll,,,,,2
System.Net.HttpListener.dll,,,,,2
Microsoft.Extensions.FileSystemGlobbing.dll,,,,,2
Microsoft.Extensions.Caching.Abstractions.dll,,,,,2
System.Xml.XPath.XDocument.dll,,,,,2
System.dll,,,,,2
Microsoft.AspNetCore.Authentication.Core.dll,,,,,2
System.Diagnostics.TraceSource.dll,,,,,2
Microsoft.Extensions.FileProviders.Physical.dll,,,,,2
System.Runtime.CompilerServices.VisualC.dll,,,,,2
Microsoft.Extensions.Configuration.FileExtensions.dll,,,,,2
Microsoft.Extensions.FileProviders.Embedded.dll,,,,,2
Microsoft.AspNetCore.Authentication.Cookies.dll,,,,,2
Microsoft.AspNetCore.HttpOverrides.dll,,,,,2
Microsoft.Extensions.DependencyInjection.Abstractions.dll,,,,,2
Microsoft.AspNetCore.Identity.dll,,,,,2
System.Runtime.Loader.dll,,,,,2
System.Reflection.DispatchProxy.dll,,,,,2
Microsoft.Extensions.Logging.TraceSource.dll,,,,,2
Microsoft.Extensions.Configuration.Ini.dll,,,,,2
System.Xml.XmlDocument.dll,,,,,2
Microsoft.AspNetCore.Authentication.OAuth.dll,,,,,2
Microsoft.AspNetCore.Hosting.Server.Abstractions.dll,,,,,2
System.Diagnostics.Contracts.dll,,,,,2
Microsoft.AspNetCore.SignalR.dll,,,,,2
System.Text.Encoding.CodePages.dll,,,,,2
System.ComponentModel.Annotations.dll,,,,,2
Microsoft.AspNetCore.Server.HttpSys.dll,,,,,2
System.Reflection.dll,,,,,2
System.Threading.Tasks.dll,,,,,2
netstandard.dll,,,,,2
System.Memory.dll,,,,,2
WindowsBase.dll,,,,,2
Microsoft.Extensions.DependencyInjection.dll,,,,,2
Microsoft.Extensions.Configuration.EnvironmentVariables.dll,,,,,2
System.IO.Compression.dll,,,,,2
Microsoft.AspNetCore.Server.IISIntegration.dll,,,,,2
System.Collections.Specialized.dll,,,,,2
System.Transactions.dll,,,,,2
System.IO.FileSystem.Watcher.dll,,,,,2
Microsoft.AspNetCore.Components.Server.dll,,,,,2
Microsoft.AspNetCore.Authentication.Abstractions.dll,,,,,2
System.IO.FileSystem.AccessControl.dll,,,,,2
System.Security.Claims.dll,,,,,2
System.Threading.Timer.dll,,,,,2
Microsoft.AspNetCore.Localization.dll,,,,,2
System.Text.Json.dll,,,,,2
System.Security.Cryptography.Algorithms.dll,,,,,2
System.ServiceProcess.dll,,,,,2
System.Diagnostics.FileVersionInfo.dll,,,,,2
System.Net.WebClient.dll,,,,,2
Microsoft.Extensions.Configuration.dll,,,,,2
System.Collections.Immutable.dll,,,,,2
System.IO.dll,,,,,2
Microsoft.Extensions.Caching.Memory.dll,,,,,2
System.Drawing.dll,,,,,2
System.Threading.dll,,,,,2
Microsoft.Extensions.Localization.Abstractions.dll,,,,,2
System.Collections.Concurrent.dll,,,,,2
System.Security.Cryptography.Xml.dll,,,,,2
Microsoft.AspNetCore.Authentication.dll,,,,,2
System.Security.AccessControl.dll,,,,,2
System.IO.Compression.Brotli.dll,,,,,2
System.Runtime.Serialization.dll,,,,,2
Microsoft.Extensions.Identity.Stores.dll,,,,,2
Microsoft.AspNetCore.SignalR.Core.dll,,,,,2
System.IO.Compression.ZipFile.dll,,,,,2
System.ComponentModel.TypeConverter.dll,,,,,2
Microsoft.AspNetCore.Razor.dll,,,,,2
System.Text.Encoding.Extensions.dll,,,,,2
System.Data.DataSetExtensions.dll,,,,,2
System.Net.WebHeaderCollection.dll,,,,,2
Microsoft.AspNetCore.Http.Results.dll,,,,,2
System.Security.Cryptography.Encoding.dll,,,,,2
Microsoft.Extensions.Configuration.Json.dll,,,,,2
System.Threading.Channels.dll,,,,,2
System.ComponentModel.DataAnnotations.dll,,,,,2
System.Diagnostics.DiagnosticSource.dll,,,,,2
Microsoft.AspNetCore.Razor.Runtime.dll,,,,,2
System.Runtime.Handles.dll,,,,,2
Microsoft.AspNetCore.DataProtection.Extensions.dll,,,,,2
Microsoft.AspNetCore.DataProtection.Abstractions.dll,,,,,2
Microsoft.Extensions.Configuration.UserSecrets.dll,,,,,2
Microsoft.AspNetCore.Routing.dll,,,,,2
Microsoft.AspNetCore.Diagnostics.dll,,,,,2
System.Security.Cryptography.Primitives.dll,,,,,2
System.Collections.NonGeneric.dll,,,,,2
Microsoft.Win32.Registry.dll,,,,,2
Microsoft.AspNetCore.Mvc.Localization.dll,,,,,2
System.Security.Cryptography.Cng.dll,,,,,2
System.Xml.dll,,,,,2
System.Data.Common.dll,,,,,2
System.Linq.Queryable.dll,,,,,2
Microsoft.AspNetCore.Mvc.dll,,,,,2
System.Diagnostics.TextWriterTraceListener.dll,,,,,2
System.Xml.XmlSerializer.dll,,,,,2
Microsoft.AspNetCore.Server.Kestrel.dll,,,,,2
Microsoft.AspNetCore.Mvc.ViewFeatures.dll,,,,,2
System.Reflection.Emit.ILGeneration.dll,,,,,2
System.Net.Ping.dll,,,,,2
System.Xml.XPath.dll,,,,,2
System.IO.Pipes.AccessControl.dll,,,,,2
Microsoft.Extensions.Logging.Configuration.dll,,,,,2
System.Reflection.Emit.Lightweight.dll,,,,,2
Microsoft.Extensions.Diagnostics.HealthChecks.dll,,,,,2
Microsoft.AspNetCore.Http.Extensions.dll,,,,,2
Microsoft.Extensions.Logging.EventLog.dll,,,,,2
Microsoft.AspNetCore.Mvc.Core.dll,,,,,2
Microsoft.AspNetCore.Http.Features.dll,,,,,2
Microsoft.AspNetCore.WebSockets.dll,,,,,2
System.Runtime.Extensions.dll,,,,,2
Microsoft.AspNetCore.Mvc.Formatters.Json.dll,,,,,2
System.Web.HttpUtility.dll,,,,,2
Microsoft.Extensions.FileProviders.Composite.dll,,,,,2
Microsoft.AspNetCore.Mvc.Razor.dll,,,,,2
Microsoft.AspNetCore.Hosting.Abstractions.dll,,,,,2
System.Net.Security.dll,,,,,2
Microsoft.AspNetCore.Cors.dll,,,,,2
Microsoft.Extensions.Hosting.dll,,,,,2
Microsoft.Extensions.Configuration.Xml.dll,,,,,2
Microsoft.AspNetCore.Diagnostics.Abstractions.dll,,,,,2
Microsoft.Extensions.Options.DataAnnotations.dll,,,,,2
Microsoft.VisualBasic.dll,,,,,2
Microsoft.AspNetCore.Html.Abstractions.dll,,,,,2
System.Transactions.Local.dll,,,,,2
System.Text.Encoding.dll,,,,,2
System.Diagnostics.Tools.dll,,,,,2
System.IO.MemoryMappedFiles.dll,,,,,2
Microsoft.AspNetCore.Hosting.dll,,,,,2
System.IO.Compression.FileSystem.dll,,,,,2
System.Security.SecureString.dll,,,,,2
Microsoft.Extensions.Identity.Core.dll,,,,,2
System.IO.Pipes.dll,,,,,2
Microsoft.Extensions.Logging.EventSource.dll,,,,,2
System.Dynamic.Runtime.dll,,,,,2
System.Runtime.InteropServices.RuntimeInformation.dll,,,,,2
System.Net.WebSockets.Client.dll,,,,,2
Microsoft.VisualBasic.Core.dll,,,,,2
System.Diagnostics.EventLog.dll,,,,,2
Microsoft.Extensions.Logging.Console.dll,,,,,2
System.Net.Sockets.dll,,,,,2
System.Threading.Tasks.Parallel.dll,,,,,2
System.Reflection.Extensions.dll,,,,,2
Microsoft.AspNetCore.Cryptography.Internal.dll,,,,,2
Microsoft.AspNetCore.Mvc.ApiExplorer.dll,,,,,2
System.Buffers.dll,,,,,2
System.Text.RegularExpressions.dll,,,,,2
System.Linq.Parallel.dll,,,,,2
Microsoft.AspNetCore.Components.Authorization.dll,,,,,2
System.Runtime.Intrinsics.dll,,,,,2
System.Threading.Thread.dll,,,,,2
System.IO.FileSystem.dll,,,,,2
System.Web.dll,,,,,2
Microsoft.AspNetCore.Http.Connections.Common.dll,,,,,2
System.Net.Http.dll,,,,,2
System.Xml.XDocument.dll,,,,,2
System.Globalization.dll,,,,,2
System.Globalization.Calendars.dll,,,,,2
System.ComponentModel.Primitives.dll,,,,,2
Microsoft.AspNetCore.WebUtilities.dll,,,,,2
System.Runtime.Numerics.dll,,,,,2
Microsoft.AspNetCore.dll,,,,,2
System.AppContext.dll,,,,,2
Microsoft.AspNetCore.Mvc.TagHelpers.dll,,,,,2
Microsoft.AspNetCore.SignalR.Common.dll,,,,,2
System.Data.dll,,,,,2
Microsoft.AspNetCore.Server.Kestrel.Transport.Sockets.dll,,,,,2
System.Reflection.Metadata.dll,,,,,2
Microsoft.AspNetCore.Mvc.Cors.dll,,,,,2
System.Globalization.Extensions.dll,,,,,2
Microsoft.AspNetCore.Server.Kestrel.Core.dll,,,,,2
Microsoft.AspNetCore.Server.IIS.dll,,,,,2
Microsoft.AspNetCore.SignalR.Protocols.Json.dll,,,,,2
mscorlib.dll,,,,,2
System.Security.Cryptography.Csp.dll,,,,,2
System.Net.dll,,,,,2
Microsoft.JSInterop.dll,,,,,2
Microsoft.Extensions.Http.dll,,,,,2
System.Runtime.dll,,,,,2
System.Runtime.Serialization.Primitives.dll,,,,,2
Microsoft.Extensions.Configuration.CommandLine.dll,,,,,2
Jenson.Shared.dll,,,,,2
Jenson.Avensia.dll,,,,,2
System.Text.Json.dll,,,,,2
Microsoft.OData.Edm.dll,,,,,2
Pipelines.Sockets.Unofficial.dll,,,,,2
StructureMap.dll,,,,,2
FluentMigrator.Abstractions.dll,,,,,2
Microsoft.Extensions.Configuration.dll,,,,,2
Advanced.CMS.GroupingHeader.dll,,,,,2
Microsoft.Extensions.Caching.Memory.dll,,,,,2
AutoMapper.dll,,,,,2
System.Data.SqlServerCe.dll,,,,,2
Gulla.Episerver.SqlStudio.dll,,,,,2
Jenson.Riskified.dll,,,,,2
System.Security.Cryptography.Xml.dll,,,,,2
FluentMigrator.Runner.Firebird.dll,,,,,2
Jenson.Dynamics.dll,,,,,2
Jenson.Migrations.dll,,,,,2
Jenson.BloomReach.dll,,,,,2
Swashbuckle.AspNetCore.SwaggerGen.dll,,,,,2
FluentMigrator.Extensions.SqlAnywhere.dll,,,,,2
System.Diagnostics.DiagnosticSource.dll,,,,,2
log4net.dll,,,,,2
Avensia.Storefront.Connector.dll,,,,,2
FluentMigrator.Runner.Core.dll,,,,,2
Jenson.IdentityProvider.dll,,,,,2
System.ClientModel.dll,,,,,2
Swashbuckle.AspNetCore.Swagger.dll,,,,,2
Digizuite.Sdk.Core.dll,,,,,2
Nito.AsyncEx.Context.dll,,,,,2
Avensia.Storefront.Connector.Opti.Views.dll,,,,,2
FluentMigrator.Runner.SqlServerCe.dll,,,,,2
JetBrains.Annotations.dll,,,,,2
FluentMigrator.Runner.SQLite.dll,,,,,2
Microsoft.Dynamics.Commerce.RetailProxy.ScaleUnit.dll,,,,,2
Nest.dll,,,,,2
Razor.Templating.Core.dll,,,,,2
Microsoft.Extensions.Diagnostics.HealthChecks.dll,,,,,2
Jenson.CmsMigrations.dll,,,,,2
Elasticsearch.Net.dll,,,,,2
Jenson.Domain.dll,,,,,2
Nito.Disposables.dll,,,,,2
Digizuite.Sdk.dll,,,,,2
TimeZoneConverter.dll,,,,,2
FluentMigrator.Runner.SqlAnywhere.dll,,,,,2
Microsoft.OData.Core.dll,,,,,2
Microsoft.OpenApi.dll,,,,,2
Algolia.Search.dll,,,,,2
Digizuite.Optimizely.dll,,,,,2
System.Security.Cryptography.Pkcs.dll,,,,,2
Microsoft.AspNetCore.Mvc.Razor.RuntimeCompilation.dll,,,,,2
FluentMigrator.Runner.Hana.dll,,,,,2
Swashbuckle.AspNetCore.SwaggerUI.dll,,,,,2
MediatR.Extensions.Microsoft.DependencyInjection.dll,,,,,2
StructureMap.Microsoft.DependencyInjection.dll,,,,,2
MediatR.dll,,,,,2
Nito.AsyncEx.Tasks.dll,,,,,2
Luminos.Search.Episerver.Cms.dll,,,,,0
